,solute_smiles,solvent_smiles,solute_InChIKey,solvent_InChIKey,experimental_logX,temperature,MolLogP_solute,MolMR_solute,TPSA_solute,MolWt_solute,LabuteASA_solute,MaxPartialCharge_solute,MinPartialCharge_solute,NumHBA_solute,NumHBD_solute,MolLogP_solvent,MolMR_solvent,TPSA_solvent,MolWt_solvent,LabuteASA_solvent,MaxPartialCharge_solvent,MinPartialCharge_solvent,NumHBA_solvent,NumHBD_solvent,PEOE_VSA1_solute,PEOE_VSA2_solute,PEOE_VSA3_solute,PEOE_VSA4_solute,PEOE_VSA5_solute,PEOE_VSA6_solute,PEOE_VSA7_solute,PEOE_VSA8_solute,PEOE_VSA9_solute,PEOE_VSA10_solute,PEOE_VSA11_solute,PEOE_VSA12_solute,PEOE_VSA13_solute,PEOE_VSA14_solute,PEOE_VSA1_solvent,PEOE_VSA2_solvent,PEOE_VSA3_solvent,PEOE_VSA4_solvent,PEOE_VSA5_solvent,PEOE_VSA6_solvent,PEOE_VSA7_solvent,PEOE_VSA8_solvent,PEOE_VSA9_solvent,PEOE_VSA10_solvent,PEOE_VSA11_solvent,PEOE_VSA12_solvent,PEOE_VSA13_solvent,PEOE_VSA14_solvent,gamma_solute_0.1_0.9,gamma_inf_solute,gamma_inf_solvent,gamma_solute_0.2_0.8,gamma_solvent_0.8_0.2,gamma_solvent_0.9_0.1,Joback_Hfus_solute,Joback_Hvap_solute,Joback_Tm_solute,Joback_Tb_solute,Joback_Hfus_solvent,Joback_Hvap_solvent,Joback_Tm_solvent,Joback_Tb_solvent,SoluteFingerprint0,SoluteFingerprint1,SoluteFingerprint2,SoluteFingerprint3,SoluteFingerprint4,SoluteFingerprint5,SoluteFingerprint6,SoluteFingerprint7,SoluteFingerprint8,SoluteFingerprint9,SoluteFingerprint10,SoluteFingerprint11,SoluteFingerprint12,SoluteFingerprint13,SoluteFingerprint14,SoluteFingerprint15,SoluteFingerprint16,SoluteFingerprint17,SoluteFingerprint18,SoluteFingerprint19,SoluteFingerprint20,SoluteFingerprint21,SoluteFingerprint22,SoluteFingerprint23,SoluteFingerprint24,SoluteFingerprint25,SoluteFingerprint26,SoluteFingerprint27,SoluteFingerprint28,SoluteFingerprint29,SoluteFingerprint30,SoluteFingerprint31,SoluteFingerprint32,SoluteFingerprint33,SoluteFingerprint34,SoluteFingerprint35,SoluteFingerprint36,SoluteFingerprint37,SoluteFingerprint38,SoluteFingerprint39,SoluteFingerprint40,SoluteFingerprint41,SoluteFingerprint42,SoluteFingerprint43,SoluteFingerprint44,SoluteFingerprint45,SoluteFingerprint46,SoluteFingerprint47,SoluteFingerprint48,SoluteFingerprint49,SoluteFingerprint50,SoluteFingerprint51,SoluteFingerprint52,SoluteFingerprint53,SoluteFingerprint54,SoluteFingerprint55,SoluteFingerprint56,SoluteFingerprint57,SoluteFingerprint58,SoluteFingerprint59,SoluteFingerprint60,SoluteFingerprint61,SoluteFingerprint62,SoluteFingerprint63,SoluteFingerprint64,SoluteFingerprint65,SoluteFingerprint66,SoluteFingerprint67,SoluteFingerprint68,SoluteFingerprint69,SoluteFingerprint70,SoluteFingerprint71,SoluteFingerprint72,SoluteFingerprint73,SoluteFingerprint74,SoluteFingerprint75,SoluteFingerprint76,SoluteFingerprint77,SoluteFingerprint78,SoluteFingerprint79,SoluteFingerprint80,SoluteFingerprint81,SoluteFingerprint82,SoluteFingerprint83,SoluteFingerprint84,SoluteFingerprint85,SoluteFingerprint86,SoluteFingerprint87,SoluteFingerprint88,SoluteFingerprint89,SoluteFingerprint90,SoluteFingerprint91,SoluteFingerprint92,SoluteFingerprint93,SoluteFingerprint94,SoluteFingerprint95,SoluteFingerprint96,SoluteFingerprint97,SoluteFingerprint98,SoluteFingerprint99,SoluteFingerprint100,SoluteFingerprint101,SoluteFingerprint102,SoluteFingerprint103,SoluteFingerprint104,SoluteFingerprint105,SoluteFingerprint106,SoluteFingerprint107,SoluteFingerprint108,SoluteFingerprint109,SoluteFingerprint110,SoluteFingerprint111,SoluteFingerprint112,SoluteFingerprint113,SoluteFingerprint114,SoluteFingerprint115,SoluteFingerprint116,SoluteFingerprint117,SoluteFingerprint118,SoluteFingerprint119,SoluteFingerprint120,SoluteFingerprint121,SoluteFingerprint122,SoluteFingerprint123,SoluteFingerprint124,SoluteFingerprint125,SoluteFingerprint126,SoluteFingerprint127,SoluteFingerprint128,SoluteFingerprint129,SoluteFingerprint130,SoluteFingerprint131,SoluteFingerprint132,SoluteFingerprint133,SoluteFingerprint134,SoluteFingerprint135,SoluteFingerprint136,SoluteFingerprint137,SoluteFingerprint138,SoluteFingerprint139,SoluteFingerprint140,SoluteFingerprint141,SoluteFingerprint142,SoluteFingerprint143,SoluteFingerprint144,SoluteFingerprint145,SoluteFingerprint146,SoluteFingerprint147,SoluteFingerprint148,SoluteFingerprint149,SoluteFingerprint150,SoluteFingerprint151,SoluteFingerprint152,SoluteFingerprint153,SoluteFingerprint154,SoluteFingerprint155,SoluteFingerprint156,SoluteFingerprint157,SoluteFingerprint158,SoluteFingerprint159,SoluteFingerprint160,SoluteFingerprint161,SoluteFingerprint162,SoluteFingerprint163,SoluteFingerprint164,SoluteFingerprint165,SoluteFingerprint166,SolventFingerprint0,SolventFingerprint1,SolventFingerprint2,SolventFingerprint3,SolventFingerprint4,SolventFingerprint5,SolventFingerprint6,SolventFingerprint7,SolventFingerprint8,SolventFingerprint9,SolventFingerprint10,SolventFingerprint11,SolventFingerprint12,SolventFingerprint13,SolventFingerprint14,SolventFingerprint15,SolventFingerprint16,SolventFingerprint17,SolventFingerprint18,SolventFingerprint19,SolventFingerprint20,SolventFingerprint21,SolventFingerprint22,SolventFingerprint23,SolventFingerprint24,SolventFingerprint25,SolventFingerprint26,SolventFingerprint27,SolventFingerprint28,SolventFingerprint29,SolventFingerprint30,SolventFingerprint31,SolventFingerprint32,SolventFingerprint33,SolventFingerprint34,SolventFingerprint35,SolventFingerprint36,SolventFingerprint37,SolventFingerprint38,SolventFingerprint39,SolventFingerprint40,SolventFingerprint41,SolventFingerprint42,SolventFingerprint43,SolventFingerprint44,SolventFingerprint45,SolventFingerprint46,SolventFingerprint47,SolventFingerprint48,SolventFingerprint49,SolventFingerprint50,SolventFingerprint51,SolventFingerprint52,SolventFingerprint53,SolventFingerprint54,SolventFingerprint55,SolventFingerprint56,SolventFingerprint57,SolventFingerprint58,SolventFingerprint59,SolventFingerprint60,SolventFingerprint61,SolventFingerprint62,SolventFingerprint63,SolventFingerprint64,SolventFingerprint65,SolventFingerprint66,SolventFingerprint67,SolventFingerprint68,SolventFingerprint69,SolventFingerprint70,SolventFingerprint71,SolventFingerprint72,SolventFingerprint73,SolventFingerprint74,SolventFingerprint75,SolventFingerprint76,SolventFingerprint77,SolventFingerprint78,SolventFingerprint79,SolventFingerprint80,SolventFingerprint81,SolventFingerprint82,SolventFingerprint83,SolventFingerprint84,SolventFingerprint85,SolventFingerprint86,SolventFingerprint87,SolventFingerprint88,SolventFingerprint89,SolventFingerprint90,SolventFingerprint91,SolventFingerprint92,SolventFingerprint93,SolventFingerprint94,SolventFingerprint95,SolventFingerprint96,SolventFingerprint97,SolventFingerprint98,SolventFingerprint99,SolventFingerprint100,SolventFingerprint101,SolventFingerprint102,SolventFingerprint103,SolventFingerprint104,SolventFingerprint105,SolventFingerprint106,SolventFingerprint107,SolventFingerprint108,SolventFingerprint109,SolventFingerprint110,SolventFingerprint111,SolventFingerprint112,SolventFingerprint113,SolventFingerprint114,SolventFingerprint115,SolventFingerprint116,SolventFingerprint117,SolventFingerprint118,SolventFingerprint119,SolventFingerprint120,SolventFingerprint121,SolventFingerprint122,SolventFingerprint123,SolventFingerprint124,SolventFingerprint125,SolventFingerprint126,SolventFingerprint127,SolventFingerprint128,SolventFingerprint129,SolventFingerprint130,SolventFingerprint131,SolventFingerprint132,SolventFingerprint133,SolventFingerprint134,SolventFingerprint135,SolventFingerprint136,SolventFingerprint137,SolventFingerprint138,SolventFingerprint139,SolventFingerprint140,SolventFingerprint141,SolventFingerprint142,SolventFingerprint143,SolventFingerprint144,SolventFingerprint145,SolventFingerprint146,SolventFingerprint147,SolventFingerprint148,SolventFingerprint149,SolventFingerprint150,SolventFingerprint151,SolventFingerprint152,SolventFingerprint153,SolventFingerprint154,SolventFingerprint155,SolventFingerprint156,SolventFingerprint157,SolventFingerprint158,SolventFingerprint159,SolventFingerprint160,SolventFingerprint161,SolventFingerprint162,SolventFingerprint163,SolventFingerprint164,SolventFingerprint165,SolventFingerprint166
0,COC1=CC(=CC(=C1O)OC)C(=O)O,CCCCCO,JMSVCTWVEWCHDZ-UHFFFAOYSA-N,AMQJEAYHLZJPGS-UHFFFAOYSA-N,0.0,298.15,1.1076,48.17010000000002,75.99,198.17399999999998,80.50330952613635,0.3354625621767431,-0.5016991600387263,4,2,1.1689,26.61079999999999,20.23,88.14999999999999,38.99325323761199,0.04305223345357219,-0.3963765707960063,1,1,19.68678069728151,0.0,4.794537184071822,0.0,0.0,0.0,12.13273413692322,0.0,19.78304657425206,0.0,11.49902366656781,5.749511833283905,0.0,5.969305287951849,5.106527394840706,0.0,0.0,0.0,0.0,19.765380445542643,6.4208216229260096,6.606881964512918,0.0,0.0,0.0,0.0,0.0,0.0,0.8912297904552045,1.3648149031056085,0.7046968899763519,0.5938184937967174,0.540015008624379,0.6226767391624594,21055.0,61989.99999999999,411.35,589.0899999999999,12793.999999999998,43403.00000000001,206.93,406.17999999999995,0,0,0,0,0,0,0,0,0,0,0,0,0,0,0,0,0,0,0,0,0,0,0,0,0,0,0,0,0,0,0,0,0,0,0,0,0,0,0,0,0,0,0,0,0,0,0,0,0,0,0,0,0,0,0,0,0,0,0,0,0,0,0,0,0,0,0,0,0,0,0,0,1,0,0,0,0,0,0,0,0,0,0,0,0,0,0,0,0,1,0,0,0,1,0,0,0,0,0,0,0,0,0,0,0,0,0,0,0,0,0,0,0,1,0,0,0,0,0,0,0,0,0,1,0,0,1,1,0,0,0,1,0,0,0,0,0,0,0,1,1,0,0,1,1,0,1,0,0,1,1,0,1,0,1,0,0,1,0,1,1,0,1,1,1,1,0,0,0,0,0,0,0,0,0,0,0,0,0,0,0,0,0,0,0,0,0,0,0,0,0,0,0,0,0,0,0,0,0,0,0,0,0,0,0,0,0,0,0,0,0,0,0,0,0,0,0,0,0,0,0,0,0,0,0,0,0,0,0,0,0,0,0,0,0,0,0,0,0,0,0,0,0,0,0,0,0,0,0,1,0,0,0,0,0,0,0,1,1,0,0,0,0,0,0,0,0,0,0,0,0,1,0,0,0,1,1,0,0,0,0,1,1,1,0,1,0,0,0,0,0,0,0,0,0,0,1,0,0,1,0,0,0,0,0,0,1,0,0,0,0,0,0,0,1,0,0,0,0,0,1,0,1,0,1,0,0,1,0,0,0,1,0,0
1,COC1=CC(=CC(=C1O)OC)C(=O)O,CCCCCCCO,JMSVCTWVEWCHDZ-UHFFFAOYSA-N,BBMCTIGTTCKYKF-UHFFFAOYSA-N,0.0,298.15,1.1076,48.17010000000002,75.99,198.17399999999998,80.50330952613635,0.3354625621767431,-0.5016991600387263,4,2,1.9491,35.84479999999999,20.23,116.204,51.723137466405205,0.04305240722358137,-0.39637656934229265,1,1,19.68678069728151,0.0,4.794537184071822,0.0,0.0,0.0,12.13273413692322,0.0,19.78304657425206,0.0,11.49902366656781,5.749511833283905,0.0,5.969305287951849,5.106527394840706,0.0,0.0,0.0,0.0,32.60702369139466,6.4208216229260096,6.606881964512918,0.0,0.0,0.0,0.0,0.0,0.0,1.2619420416361145,1.787309421473202,1.1872616074078846,0.8963624894456163,0.8441418128161797,1.010859156391824,21055.0,61989.99999999999,411.35,589.0899999999999,17974.0,47855.00000000001,229.47,451.94,0,0,0,0,0,0,0,0,0,0,0,0,0,0,0,0,0,0,0,0,0,0,0,0,0,0,0,0,0,0,0,0,0,0,0,0,0,0,0,0,0,0,0,0,0,0,0,0,0,0,0,0,0,0,0,0,0,0,0,0,0,0,0,0,0,0,0,0,0,0,0,0,1,0,0,0,0,0,0,0,0,0,0,0,0,0,0,0,0,1,0,0,0,1,0,0,0,0,0,0,0,0,0,0,0,0,0,0,0,0,0,0,0,1,0,0,0,0,0,0,0,0,0,1,0,0,1,1,0,0,0,1,0,0,0,0,0,0,0,1,1,0,0,1,1,0,1,0,0,1,1,0,1,0,1,0,0,1,0,1,1,0,1,1,1,1,0,0,0,0,0,0,0,0,0,0,0,0,0,0,0,0,0,0,0,0,0,0,0,0,0,0,0,0,0,0,0,0,0,0,0,0,0,0,0,0,0,0,0,0,0,0,0,0,0,0,0,0,0,0,0,0,0,0,0,0,0,0,0,0,0,0,0,0,0,0,0,0,0,0,0,0,0,0,0,0,0,0,0,1,0,0,0,0,0,0,0,1,1,0,0,0,0,0,0,0,0,0,0,0,0,1,0,0,0,1,1,0,0,0,0,1,1,1,0,1,0,0,0,0,0,0,0,0,0,1,1,0,0,1,0,0,0,0,0,0,1,0,0,0,0,0,0,0,1,0,0,0,0,0,1,0,1,0,1,0,0,1,0,0,0,1,0,0
2,COC1=CC(=CC(=C1O)OC)C(=O)O,CCCO,JMSVCTWVEWCHDZ-UHFFFAOYSA-N,BDERNNFJNOPAEC-UHFFFAOYSA-N,0.0,298.15,1.1076,48.17010000000002,75.99,198.17399999999998,80.50330952613635,0.3354625621767431,-0.5016991600387263,4,2,0.3887,17.376800000000003,20.23,60.096,26.26336900881878,0.04278927992053378,-0.39638735063233616,1,1,19.68678069728151,0.0,4.794537184071822,0.0,0.0,0.0,12.13273413692322,0.0,19.78304657425206,0.0,11.49902366656781,5.749511833283905,0.0,5.969305287951849,5.106527394840706,0.0,0.0,0.0,0.0,6.923737199690624,6.4208216229260096,6.606881964512918,0.0,0.0,0.0,0.0,0.0,0.0,0.3240885162276706,0.601707246675258,0.18994462588355662,0.1870151158578144,0.16341181708914598,0.17755142051203582,21055.0,61989.99999999999,411.35,589.0899999999999,7614.0,38951.0,184.39,360.41999999999996,0,0,0,0,0,0,0,0,0,0,0,0,0,0,0,0,0,0,0,0,0,0,0,0,0,0,0,0,0,0,0,0,0,0,0,0,0,0,0,0,0,0,0,0,0,0,0,0,0,0,0,0,0,0,0,0,0,0,0,0,0,0,0,0,0,0,0,0,0,0,0,0,1,0,0,0,0,0,0,0,0,0,0,0,0,0,0,0,0,1,0,0,0,1,0,0,0,0,0,0,0,0,0,0,0,0,0,0,0,0,0,0,0,1,0,0,0,0,0,0,0,0,0,1,0,0,1,1,0,0,0,1,0,0,0,0,0,0,0,1,1,0,0,1,1,0,1,0,0,1,1,0,1,0,1,0,0,1,0,1,1,0,1,1,1,1,0,0,0,0,0,0,0,0,0,0,0,0,0,0,0,0,0,0,0,0,0,0,0,0,0,0,0,0,0,0,0,0,0,0,0,0,0,0,0,0,0,0,0,0,0,0,0,0,0,0,0,0,0,0,0,0,0,0,0,0,0,0,0,0,0,0,0,0,0,0,0,0,0,0,0,0,0,0,0,0,0,0,0,1,0,0,0,0,0,0,0,0,0,0,0,0,0,0,0,0,0,0,0,0,0,1,0,0,0,0,1,0,0,0,0,1,1,0,0,1,0,0,0,0,0,0,0,0,0,0,0,0,0,1,0,0,0,0,0,0,1,0,0,0,0,0,0,0,1,0,0,0,0,0,1,0,1,0,1,0,0,1,0,0,0,1,0,0
3,COC1=CC(=CC(=C1O)OC)C(=O)O,CCC(C)O,JMSVCTWVEWCHDZ-UHFFFAOYSA-N,BTANRVKWQNVYAZ-UHFFFAOYSA-N,0.0,298.15,1.1076,48.17010000000002,75.99,198.17399999999998,80.50330952613635,0.3354625621767431,-0.5016991600387263,4,2,0.7771999999999999,21.971799999999995,20.23,74.12299999999999,32.62831112321538,0.05090390435353903,-0.39343008722162376,1,1,19.68678069728151,0.0,4.794537184071822,0.0,0.0,0.0,12.13273413692322,0.0,19.78304657425206,0.0,11.49902366656781,5.749511833283905,0.0,5.969305287951849,5.106527394840706,0.0,0.0,0.0,0.0,6.923737199690624,13.344558822616634,0.0,6.103966387748303,0.0,0.0,0.0,0.0,0.0,0.9969720330491225,1.7141695498590093,0.6791876121956171,0.6141483244375158,0.5494076806351122,0.6158841607467116,21055.0,61989.99999999999,411.35,589.0899999999999,6681.0,40789.0,180.66,382.85999999999996,0,0,0,0,0,0,0,0,0,0,0,0,0,0,0,0,0,0,0,0,0,0,0,0,0,0,0,0,0,0,0,0,0,0,0,0,0,0,0,0,0,0,0,0,0,0,0,0,0,0,0,0,0,0,0,0,0,0,0,0,0,0,0,0,0,0,0,0,0,0,0,0,1,0,0,0,0,0,0,0,0,0,0,0,0,0,0,0,0,1,0,0,0,1,0,0,0,0,0,0,0,0,0,0,0,0,0,0,0,0,0,0,0,1,0,0,0,0,0,0,0,0,0,1,0,0,1,1,0,0,0,1,0,0,0,0,0,0,0,1,1,0,0,1,1,0,1,0,0,1,1,0,1,0,1,0,0,1,0,1,1,0,1,1,1,1,0,0,0,0,0,0,0,0,0,0,0,0,0,0,0,0,0,0,0,0,0,0,0,0,0,0,0,0,0,0,0,0,0,0,0,0,0,0,0,0,0,0,0,0,0,0,0,0,0,0,0,0,0,0,0,0,0,0,0,0,0,0,0,0,0,0,0,0,0,0,0,0,0,0,0,0,0,0,0,0,0,0,0,0,0,0,0,0,0,0,0,0,0,0,0,0,0,0,0,0,0,0,0,0,0,1,0,0,0,0,0,0,0,0,0,1,1,0,0,0,0,0,0,0,0,0,0,0,0,0,0,0,0,1,0,0,0,0,0,0,1,0,0,0,0,0,0,0,0,0,1,0,0,1,0,0,1,0,1,0,0,1,0,0,0,1,0,0
4,COC1=CC(=CC(=C1O)OC)C(=O)O,COC(C)(C)C,JMSVCTWVEWCHDZ-UHFFFAOYSA-N,BZLVMXJERCGZMT-UHFFFAOYSA-N,0.0,298.15,1.1076,48.17010000000002,75.99,198.17399999999998,80.50330952613635,0.3354625621767431,-0.5016991600387263,4,2,1.4313,26.761999999999986,9.23,88.14999999999999,39.31256471492286,0.05942520764405295,-0.3791035972502146,1,0,19.68678069728151,0.0,4.794537184071822,0.0,0.0,0.0,12.13273413692322,0.0,19.78304657425206,0.0,11.49902366656781,5.749511833283905,0.0,5.969305287951849,4.736862953800049,0.0,0.0,0.0,0.0,0.0,20.771211599071872,7.109797541277533,5.601050810983688,0.0,0.0,0.0,0.0,0.0,0.7909469184549947,1.137785839653602,0.6942451629047967,0.5525345920627153,0.511626564527034,0.6020509261169672,21055.0,61989.99999999999,411.35,589.0899999999999,2480.0000000000005,27838.0,170.76,333.19,0,0,0,0,0,0,0,0,0,0,0,0,0,0,0,0,0,0,0,0,0,0,0,0,0,0,0,0,0,0,0,0,0,0,0,0,0,0,0,0,0,0,0,0,0,0,0,0,0,0,0,0,0,0,0,0,0,0,0,0,0,0,0,0,0,0,0,0,0,0,0,0,1,0,0,0,0,0,0,0,0,0,0,0,0,0,0,0,0,1,0,0,0,1,0,0,0,0,0,0,0,0,0,0,0,0,0,0,0,0,0,0,0,1,0,0,0,0,0,0,0,0,0,1,0,0,1,1,0,0,0,1,0,0,0,0,0,0,0,1,1,0,0,1,1,0,1,0,0,1,1,0,1,0,1,0,0,1,0,1,1,0,1,1,1,1,0,0,0,0,0,0,0,0,0,0,0,0,0,0,0,0,0,0,0,0,0,0,0,0,0,0,0,0,0,0,0,0,0,0,0,0,0,0,0,0,0,0,0,0,0,0,0,0,0,0,0,0,0,0,0,0,0,0,0,0,0,0,0,0,0,0,0,1,0,0,0,0,0,0,0,1,0,0,0,0,0,0,0,0,0,0,0,0,0,0,0,0,0,0,1,0,0,0,0,0,0,0,0,0,0,0,0,0,0,0,0,0,0,1,0,0,0,0,0,0,0,0,0,0,0,0,0,1,0,0,0,0,0,0,0,0,0,0,0,0,0,0,1,0,0,0,0,0,0,0,1,0,0,1,0,0,0,0,1,0,0,1,0,0,0,1,0,0
5,COC1=CC(=CC(=C1O)OC)C(=O)O,CC(C)=O,JMSVCTWVEWCHDZ-UHFFFAOYSA-N,CSCPPACGZOOCGX-UHFFFAOYSA-N,0.0,298.15,1.1076,48.17010000000002,75.99,198.17399999999998,80.50330952613635,0.3354625621767431,-0.5016991600387263,4,2,0.5952999999999999,16.355,17.07,58.080000000000005,25.63065735666653,0.12626794356014373,-0.30034390268719197,1,0,19.68678069728151,0.0,4.794537184071822,0.0,0.0,0.0,12.13273413692322,0.0,19.78304657425206,0.0,11.49902366656781,5.749511833283905,0.0,5.969305287951849,4.794537184071822,0.0,0.0,0.0,0.0,0.0,13.847474399381248,0.0,0.0,5.783244946364939,0.0,0.0,0.0,0.0,-0.17346440101869479,-0.347664923758412,-0.08754137006179918,-0.0886785274395455,-0.077607840009907,-0.08279576621252098,21055.0,61989.99999999999,411.35,589.0899999999999,5125.0,29018.0,173.5,322.11,0,0,0,0,0,0,0,0,0,0,0,0,0,0,0,0,0,0,0,0,0,0,0,0,0,0,0,0,0,0,0,0,0,0,0,0,0,0,0,0,0,0,0,0,0,0,0,0,0,0,0,0,0,0,0,0,0,0,0,0,0,0,0,0,0,0,0,0,0,0,0,0,1,0,0,0,0,0,0,0,0,0,0,0,0,0,0,0,0,1,0,0,0,1,0,0,0,0,0,0,0,0,0,0,0,0,0,0,0,0,0,0,0,1,0,0,0,0,0,0,0,0,0,1,0,0,1,1,0,0,0,1,0,0,0,0,0,0,0,1,1,0,0,1,1,0,1,0,0,1,1,0,1,0,1,0,0,1,0,1,1,0,1,1,1,1,0,0,0,0,0,0,0,0,0,0,0,0,0,0,0,0,0,0,0,0,0,0,0,0,0,0,0,0,0,0,0,0,0,0,0,0,0,0,0,0,0,0,0,0,0,0,0,0,0,0,0,0,0,0,0,0,0,0,0,0,0,0,0,0,0,0,0,0,0,0,0,0,0,0,0,1,0,0,0,0,0,0,0,0,0,0,0,0,0,0,0,0,0,0,0,0,0,0,0,0,0,0,0,0,0,0,0,0,0,0,0,0,0,0,0,0,0,0,0,0,0,0,0,0,0,0,0,0,0,0,0,0,0,0,0,0,0,0,0,0,0,0,0,0,0,0,0,0,0,0,1,0,0,1,0,1,0,0,0,0,0,1,0,0,0,1,0,0
6,COC1=CC(=CC(=C1O)OC)C(=O)O,CCCCOC(C)=O,JMSVCTWVEWCHDZ-UHFFFAOYSA-N,DKPFZGUDAPQIHT-UHFFFAOYSA-N,0.0,298.15,1.1076,48.17010000000002,75.99,198.17399999999998,80.50330952613635,0.3354625621767431,-0.5016991600387263,4,2,1.3496000000000001,31.540999999999983,26.3,116.15999999999998,49.83902892936324,0.3021228665755719,-0.46587787390632607,2,0,19.68678069728151,0.0,4.794537184071822,0.0,0.0,0.0,12.13273413692322,0.0,19.78304657425206,0.0,11.49902366656781,5.749511833283905,0.0,5.969305287951849,4.736862953800049,4.794537184071822,0.0,0.0,0.0,13.344558822616634,6.4208216229260096,6.923737199690624,6.606881964512918,0.0,0.0,0.0,0.0,5.969305287951849,0.3660662416503258,0.4946497297392425,0.39465273571950404,0.27401145885369677,0.26722981264122414,0.3285597232776418,21055.0,61989.99999999999,411.35,589.0899999999999,15665.000000000002,36357.0,199.71,395.09999999999997,0,0,0,0,0,0,0,0,0,0,0,0,0,0,0,0,0,0,0,0,0,0,0,0,0,0,0,0,0,0,0,0,0,0,0,0,0,0,0,0,0,0,0,0,0,0,0,0,0,0,0,0,0,0,0,0,0,0,0,0,0,0,0,0,0,0,0,0,0,0,0,0,1,0,0,0,0,0,0,0,0,0,0,0,0,0,0,0,0,1,0,0,0,1,0,0,0,0,0,0,0,0,0,0,0,0,0,0,0,0,0,0,0,1,0,0,0,0,0,0,0,0,0,1,0,0,1,1,0,0,0,1,0,0,0,0,0,0,0,1,1,0,0,1,1,0,1,0,0,1,1,0,1,0,1,0,0,1,0,1,1,0,1,1,1,1,0,0,0,0,0,0,0,0,0,0,0,0,0,0,0,0,0,0,0,0,0,0,0,0,0,0,0,0,0,0,0,0,0,0,0,0,0,0,0,0,0,0,0,0,0,0,0,0,0,0,0,0,0,0,0,0,0,0,0,0,0,0,0,0,0,0,0,0,0,0,0,0,0,0,0,0,0,0,0,0,0,0,0,0,0,0,0,0,0,0,0,0,0,0,0,0,0,0,0,0,0,0,0,0,0,0,0,0,0,1,1,0,0,0,0,1,1,1,0,1,0,0,0,0,1,0,0,1,0,0,0,0,0,1,0,0,0,0,0,0,0,0,0,0,0,0,0,0,1,0,1,0,0,0,1,1,1,0,1,0,1,1,0,0,0,1,0,0
7,COC1=CC(=CC(=C1O)OC)C(=O)O,CC(O)CO,JMSVCTWVEWCHDZ-UHFFFAOYSA-N,DNIAPMSPPWPWGF-UHFFFAOYSA-N,0.0,298.15,1.1076,48.17010000000002,75.99,198.17399999999998,80.50330952613635,0.3354625621767431,-0.5016991600387263,4,2,-0.6405000000000001,18.7666,40.46,76.095,31.057602761014792,0.07423864406366021,-0.3937000421977661,2,2,19.68678069728151,0.0,4.794537184071822,0.0,0.0,0.0,12.13273413692322,0.0,19.78304657425206,0.0,11.49902366656781,5.749511833283905,0.0,5.969305287951849,10.213054789681411,0.0,0.0,0.0,0.0,0.0,6.923737199690624,0.0,12.71084835226122,0.0,0.0,0.0,0.0,0.0,-0.1169555650042449,-0.14861957841959225,-0.0892509466546017,-0.07788887364363387,-0.0687976687730819,-0.07906230330949508,21055.0,61989.99999999999,411.35,589.0899999999999,8179.0,55242.00000000001,230.21,452.15999999999997,0,0,0,0,0,0,0,0,0,0,0,0,0,0,0,0,0,0,0,0,0,0,0,0,0,0,0,0,0,0,0,0,0,0,0,0,0,0,0,0,0,0,0,0,0,0,0,0,0,0,0,0,0,0,0,0,0,0,0,0,0,0,0,0,0,0,0,0,0,0,0,0,1,0,0,0,0,0,0,0,0,0,0,0,0,0,0,0,0,1,0,0,0,1,0,0,0,0,0,0,0,0,0,0,0,0,0,0,0,0,0,0,0,1,0,0,0,0,0,0,0,0,0,1,0,0,1,1,0,0,0,1,0,0,0,0,0,0,0,1,1,0,0,1,1,0,1,0,0,1,1,0,1,0,1,0,0,1,0,1,1,0,1,1,1,1,0,0,0,0,0,0,0,0,0,0,0,0,0,0,0,0,0,0,0,0,0,0,0,0,0,0,0,0,0,0,0,0,0,0,0,0,0,0,0,0,0,0,0,0,0,0,0,0,0,0,0,0,0,0,0,1,0,0,0,0,0,0,0,0,0,0,0,0,0,0,0,0,0,1,0,0,0,0,0,0,0,0,0,1,0,0,0,0,0,0,0,0,0,0,0,0,0,0,0,0,0,0,0,0,0,1,0,0,0,0,1,0,0,0,0,0,1,0,0,0,0,0,0,0,0,0,0,0,0,0,0,0,1,1,0,0,0,0,0,0,1,0,0,0,0,0,0,0,0,0,0,0,0,1,1,0,1,0,1,0,1,1,0,0,0,1,0,0
8,COC1=CC(=CC(=C1O)OC)C(=O)O,CC(=O)N(C)C,JMSVCTWVEWCHDZ-UHFFFAOYSA-N,FXHOOIRPVKKKFG-UHFFFAOYSA-N,0.0,298.15,1.1076,48.17010000000002,75.99,198.17399999999998,80.50330952613635,0.3354625621767431,-0.5016991600387263,4,2,0.09450000000000003,24.36799999999999,20.310000000000002,87.122,37.75543314126651,0.2184251307903347,-0.3490642652721722,1,0,19.68678069728151,0.0,4.794537184071822,0.0,0.0,0.0,12.13273413692322,0.0,19.78304657425206,0.0,11.49902366656781,5.749511833283905,0.0,5.969305287951849,4.899909730850478,4.794537184071822,0.0,0.0,0.0,0.0,0.0,21.019081165045005,0.0,0.0,0.0,5.907179729351506,0.0,0.0,-0.7776614929205574,-1.0904935103734643,-0.807332580883619,-0.5592018868302178,-0.5371500376620605,-0.6627223839504077,21055.0,61989.99999999999,411.35,589.0899999999999,10735.999999999998,33287.00000000001,217.24,357.43,0,0,0,0,0,0,0,0,0,0,0,0,0,0,0,0,0,0,0,0,0,0,0,0,0,0,0,0,0,0,0,0,0,0,0,0,0,0,0,0,0,0,0,0,0,0,0,0,0,0,0,0,0,0,0,0,0,0,0,0,0,0,0,0,0,0,0,0,0,0,0,0,1,0,0,0,0,0,0,0,0,0,0,0,0,0,0,0,0,1,0,0,0,1,0,0,0,0,0,0,0,0,0,0,0,0,0,0,0,0,0,0,0,1,0,0,0,0,0,0,0,0,0,1,0,0,1,1,0,0,0,1,0,0,0,0,0,0,0,1,1,0,0,1,1,0,1,0,0,1,1,0,1,0,1,0,0,1,0,1,1,0,1,1,1,1,0,0,0,0,0,0,0,0,0,0,0,0,0,0,0,0,0,0,0,0,0,0,0,0,0,0,0,0,0,0,0,0,0,0,0,0,0,0,0,0,0,0,0,0,0,0,0,0,0,0,0,0,0,0,0,0,0,0,0,0,0,0,0,0,0,0,0,0,0,0,0,0,0,0,0,1,0,0,0,0,0,0,0,0,0,0,1,1,0,0,0,0,0,1,1,0,0,0,0,0,0,0,0,0,0,0,0,0,0,0,0,1,0,0,0,0,0,0,1,0,0,0,0,1,0,0,0,0,0,0,0,0,0,0,0,0,0,0,0,0,0,0,1,0,0,0,0,0,0,1,1,0,0,0,0,1,0,1,0,1,0,1,1,0,0,1,0,0
9,COC1=CC(=CC(=C1O)OC)C(=O)O,ClC(Cl)Cl,JMSVCTWVEWCHDZ-UHFFFAOYSA-N,HEDRZPFGACZZDS-UHFFFAOYSA-N,0.0,298.15,1.1076,48.17010000000002,75.99,198.17399999999998,80.50330952613635,0.3354625621767431,-0.5016991600387263,4,2,1.9864,21.346999999999998,0.0,119.37800000000001,39.64904970847457,0.18010663547779673,-0.08741152777904436,0,0,19.68678069728151,0.0,4.794537184071822,0.0,0.0,0.0,12.13273413692322,0.0,19.78304657425206,0.0,11.49902366656781,5.749511833283905,0.0,5.969305287951849,0.0,0.0,0.0,0.0,0.0,34.802819670697545,0.0,0.0,0.0,0.0,4.2954515122943855,0.0,0.0,0.0,-0.16553625933675445,-0.1979440696030919,-0.14230701570412577,-0.12066449126153371,-0.10751721313037081,-0.12506946505608274,21055.0,61989.99999999999,411.35,589.0899999999999,7414.000000000001,30587.000000000004,175.79000000000002,334.33000000000004,0,0,0,0,0,0,0,0,0,0,0,0,0,0,0,0,0,0,0,0,0,0,0,0,0,0,0,0,0,0,0,0,0,0,0,0,0,0,0,0,0,0,0,0,0,0,0,0,0,0,0,0,0,0,0,0,0,0,0,0,0,0,0,0,0,0,0,0,0,0,0,0,1,0,0,0,0,0,0,0,0,0,0,0,0,0,0,0,0,1,0,0,0,1,0,0,0,0,0,0,0,0,0,0,0,0,0,0,0,0,0,0,0,1,0,0,0,0,0,0,0,0,0,1,0,0,1,1,0,0,0,1,0,0,0,0,0,0,0,1,1,0,0,1,1,0,1,0,0,1,1,0,1,0,1,0,0,1,0,1,1,0,1,1,1,1,0,0,0,0,0,0,0,0,0,0,0,0,0,0,0,0,0,0,0,0,0,0,0,0,0,0,0,0,0,0,0,0,0,0,0,0,0,0,0,0,0,0,0,0,0,0,0,0,0,0,0,0,0,0,0,0,0,0,0,0,0,0,0,0,0,0,0,0,0,0,0,0,0,0,0,0,0,0,0,0,0,0,0,0,0,0,0,0,0,0,0,0,0,0,0,0,0,0,0,0,0,0,0,0,1,0,0,1,1,0,0,0,0,0,0,0,0,0,0,0,0,0,0,0,0,0,0,0,0,0,0,0,0,0,0,1,0,0,0,0,0,0,0,0,0,0,0,0,0,0,0,0,0,0,0,0,0,0,0,0,0,0,0,0,0,0,0,0
10,COC1=CC(=CC(=C1O)OC)C(=O)O,CS(C)=O,JMSVCTWVEWCHDZ-UHFFFAOYSA-N,IAZDPXIOMUYVGZ-UHFFFAOYSA-N,0.0,298.15,1.1076,48.17010000000002,75.99,198.17399999999998,80.50330952613635,0.3354625621767431,-0.5016991600387263,4,2,-0.005299999999999971,19.990399999999998,17.07,78.136,28.478447345802074,0.014804214088221839,-0.2601579626577377,1,0,19.68678069728151,0.0,4.794537184071822,0.0,0.0,0.0,12.13273413692322,0.0,19.78304657425206,0.0,11.49902366656781,5.749511833283905,0.0,5.969305287951849,0.0,4.208898492164469,0.0,0.0,0.0,0.0,0.0,23.311107409927118,0.0,0.0,0.0,0.0,0.0,0.0,-1.6054667659707813,-2.3763543626446424,-1.650898257321874,-1.116432057408857,-1.0686751778730623,-1.3281200435240246,21055.0,61989.99999999999,411.35,589.0899999999999,4560.000000000001,25955.000000000004,114.38,234.85999999999999,0,0,0,0,0,0,0,0,0,0,0,0,0,0,0,0,0,0,0,0,0,0,0,0,0,0,0,0,0,0,0,0,0,0,0,0,0,0,0,0,0,0,0,0,0,0,0,0,0,0,0,0,0,0,0,0,0,0,0,0,0,0,0,0,0,0,0,0,0,0,0,0,1,0,0,0,0,0,0,0,0,0,0,0,0,0,0,0,0,1,0,0,0,1,0,0,0,0,0,0,0,0,0,0,0,0,0,0,0,0,0,0,0,1,0,0,0,0,0,0,0,0,0,1,0,0,1,1,0,0,0,1,0,0,0,0,0,0,0,1,1,0,0,1,1,0,1,0,0,1,1,0,1,0,1,0,0,1,0,1,1,0,1,1,1,1,0,0,0,0,0,0,0,0,0,0,0,0,0,0,0,0,0,0,0,0,0,0,0,0,0,0,0,0,0,0,0,0,0,0,0,0,0,0,0,0,0,0,0,0,0,0,0,0,0,0,0,0,1,0,0,0,0,0,0,0,0,1,1,0,0,0,0,0,1,0,0,0,0,0,1,1,0,0,0,0,0,0,0,0,0,0,0,1,0,1,0,0,0,0,1,0,0,0,0,0,0,0,0,1,0,0,0,0,0,0,0,0,0,0,0,0,0,0,0,0,0,0,0,0,0,1,0,0,0,0,0,0,0,0,0,0,0,0,0,0,0,0,0,0,0,0,0,0,0,1,1,0,0,0,0,0,0,0,0,0,0,1,0,0,0,1,0,0
11,COC1=CC(=CC(=C1O)OC)C(=O)O,CCCCCCC,JMSVCTWVEWCHDZ-UHFFFAOYSA-N,IMNFDUFMRHMDMM-UHFFFAOYSA-N,0.0,298.15,1.1076,48.17010000000002,75.99,198.17399999999998,80.50330952613635,0.3354625621767431,-0.5016991600387263,4,2,2.976700000000002,34.432999999999986,0.0,100.205,46.92890371420919,-0.05332609175221321,-0.06538238322804024,0,0,19.68678069728151,0.0,4.794537184071822,0.0,0.0,0.0,12.13273413692322,0.0,19.78304657425206,0.0,11.49902366656781,5.749511833283905,0.0,5.969305287951849,0.0,0.0,0.0,0.0,0.0,45.95158251401129,0.0,0.0,0.0,0.0,0.0,0.0,0.0,0.0,2.1836474107878545,3.990759449324525,1.9182846714942194,1.474044477351095,1.3944812257299117,1.649218451087532,21055.0,61989.99999999999,411.35,589.0899999999999,13886.0,31176.000000000004,168.64999999999998,359.76,0,0,0,0,0,0,0,0,0,0,0,0,0,0,0,0,0,0,0,0,0,0,0,0,0,0,0,0,0,0,0,0,0,0,0,0,0,0,0,0,0,0,0,0,0,0,0,0,0,0,0,0,0,0,0,0,0,0,0,0,0,0,0,0,0,0,0,0,0,0,0,0,1,0,0,0,0,0,0,0,0,0,0,0,0,0,0,0,0,1,0,0,0,1,0,0,0,0,0,0,0,0,0,0,0,0,0,0,0,0,0,0,0,1,0,0,0,0,0,0,0,0,0,1,0,0,1,1,0,0,0,1,0,0,0,0,0,0,0,1,1,0,0,1,1,0,1,0,0,1,1,0,1,0,1,0,0,1,0,1,1,0,1,1,1,1,0,0,0,0,0,0,0,0,0,0,0,0,0,0,0,0,0,0,0,0,0,0,0,0,0,0,0,0,0,0,0,0,0,0,0,0,0,0,0,0,0,0,0,0,0,0,0,0,0,0,0,0,0,0,0,0,0,0,0,0,0,0,0,0,0,0,0,0,0,0,0,0,0,0,0,0,0,0,0,0,0,0,0,0,0,0,0,0,0,0,0,0,0,0,0,0,0,0,0,0,0,0,0,0,0,0,0,0,0,1,0,0,0,0,0,1,1,1,0,1,0,0,0,0,0,0,0,0,0,1,1,0,0,0,0,0,0,0,0,0,0,0,0,0,0,0,0,0,1,0,1,0,0,0,0,0,1,0,0,0,0,1,0,0,0,0,0,0
12,COC1=CC(=CC(=C1O)OC)C(=O)O,O=C1CCCCC1,JMSVCTWVEWCHDZ-UHFFFAOYSA-N,JHIVVAPYMSGYDF-UHFFFAOYSA-N,0.0,298.15,1.1076,48.17010000000002,75.99,198.17399999999998,80.50330952613635,0.3354625621767431,-0.5016991600387263,4,2,1.5196,28.091999999999985,17.07,98.14500000000001,43.719652546327126,0.13241132759858107,-0.2997179089731855,1,0,19.68678069728151,0.0,4.794537184071822,0.0,0.0,0.0,12.13273413692322,0.0,19.78304657425206,0.0,11.49902366656781,5.749511833283905,0.0,5.969305287951849,0.0,4.794537184071822,0.0,0.0,0.0,6.4208216229260096,12.841643245852019,12.841643245852019,0.0,5.783244946364939,0.0,0.0,0.0,0.0,0.348312111650216,0.30414866683437375,0.4039527693472379,0.2950936184430156,0.2775007325760392,0.3397091552080118,21055.0,61989.99999999999,411.35,589.0899999999999,1570.0000000000002,33935.0,237.22,428.91999999999996,0,0,0,0,0,0,0,0,0,0,0,0,0,0,0,0,0,0,0,0,0,0,0,0,0,0,0,0,0,0,0,0,0,0,0,0,0,0,0,0,0,0,0,0,0,0,0,0,0,0,0,0,0,0,0,0,0,0,0,0,0,0,0,0,0,0,0,0,0,0,0,0,1,0,0,0,0,0,0,0,0,0,0,0,0,0,0,0,0,1,0,0,0,1,0,0,0,0,0,0,0,0,0,0,0,0,0,0,0,0,0,0,0,1,0,0,0,0,0,0,0,0,0,1,0,0,1,1,0,0,0,1,0,0,0,0,0,0,0,1,1,0,0,1,1,0,1,0,0,1,1,0,1,0,1,0,0,1,0,1,1,0,1,1,1,1,0,0,0,0,0,0,0,0,0,0,0,0,0,0,0,0,0,0,0,0,0,0,0,0,0,0,0,0,0,0,0,0,0,0,0,0,0,0,0,0,0,0,0,0,0,0,0,0,0,0,0,0,0,0,0,0,0,0,0,0,0,0,0,0,0,0,0,0,0,0,0,0,0,0,0,0,0,0,0,0,0,0,0,0,0,0,0,0,0,0,0,0,0,0,0,0,0,0,0,0,0,0,0,0,0,0,0,0,0,0,0,0,0,0,0,0,0,0,0,1,0,0,0,0,0,0,0,0,1,1,1,0,0,1,0,0,0,0,0,0,0,0,0,0,1,0,0,0,1,0,0,0,0,1,0,1,0,0,0,0,0,0,0,0,1,1,1,0
13,COC1=CC(=CC(=C1O)OC)C(=O)O,CC(=O)OC(C)C,JMSVCTWVEWCHDZ-UHFFFAOYSA-N,JMMWKPVZQRWMSS-UHFFFAOYSA-N,0.0,298.15,1.1076,48.17010000000002,75.99,198.17399999999998,80.50330952613635,0.3354625621767431,-0.5016991600387263,4,2,0.9579,26.901999999999987,26.3,102.133,43.47408681496662,0.3023791003505635,-0.4631559932494283,2,0,19.68678069728151,0.0,4.794537184071822,0.0,0.0,0.0,12.13273413692322,0.0,19.78304657425206,0.0,11.49902366656781,5.749511833283905,0.0,5.969305287951849,4.736862953800049,4.794537184071822,0.0,0.0,0.0,0.0,13.847474399381248,6.923737199690624,6.103966387748303,0.0,0.0,0.0,0.0,5.969305287951849,0.17911282570256912,0.2523755765615204,0.19130003684226604,0.13357794735098327,0.13100959103790413,0.1602941610043073,21055.0,61989.99999999999,411.35,589.0899999999999,9552.0,33742.99999999999,173.44,371.78,0,0,0,0,0,0,0,0,0,0,0,0,0,0,0,0,0,0,0,0,0,0,0,0,0,0,0,0,0,0,0,0,0,0,0,0,0,0,0,0,0,0,0,0,0,0,0,0,0,0,0,0,0,0,0,0,0,0,0,0,0,0,0,0,0,0,0,0,0,0,0,0,1,0,0,0,0,0,0,0,0,0,0,0,0,0,0,0,0,1,0,0,0,1,0,0,0,0,0,0,0,0,0,0,0,0,0,0,0,0,0,0,0,1,0,0,0,0,0,0,0,0,0,1,0,0,1,1,0,0,0,1,0,0,0,0,0,0,0,1,1,0,0,1,1,0,1,0,0,1,1,0,1,0,1,0,0,1,0,1,1,0,1,1,1,1,0,0,0,0,0,0,0,0,0,0,0,0,0,0,0,0,0,0,0,0,0,0,0,0,0,0,0,0,0,0,0,0,0,0,0,0,0,0,0,0,0,0,0,0,0,0,0,0,0,0,0,0,0,0,0,0,0,0,0,0,0,0,0,0,0,0,0,0,0,0,0,0,0,0,0,1,0,0,0,0,0,0,0,0,0,0,0,0,0,0,0,0,0,0,0,0,0,0,0,0,0,0,0,0,0,0,0,0,0,0,0,0,0,0,0,0,0,0,0,0,0,0,0,0,1,0,0,1,0,0,0,0,0,0,0,0,0,0,0,0,0,0,1,0,0,0,0,0,0,0,1,0,0,1,0,1,0,0,1,0,1,1,0,0,0,1,0,0
14,COC1=CC(=CC(=C1O)OC)C(=O)O,CCCCCCCCO,JMSVCTWVEWCHDZ-UHFFFAOYSA-N,KBPLFHHGFOOTCA-UHFFFAOYSA-N,0.0,298.15,1.1076,48.17010000000002,75.99,198.17399999999998,80.50330952613635,0.3354625621767431,-0.5016991600387263,4,2,2.3392000000000013,40.461800000000004,20.23,130.23100000000002,58.08807958080182,0.04305240722887934,-0.3963765693422825,1,1,19.68678069728151,0.0,4.794537184071822,0.0,0.0,0.0,12.13273413692322,0.0,19.78304657425206,0.0,11.49902366656781,5.749511833283905,0.0,5.969305287951849,5.106527394840706,0.0,0.0,0.0,0.0,39.02784531432067,6.4208216229260096,6.606881964512918,0.0,0.0,0.0,0.0,0.0,0.0,1.4029143542191043,1.9344033469264048,1.420675930540758,1.0197538288520547,0.9756018774090129,1.1885381607755305,21055.0,61989.99999999999,411.35,589.0899999999999,20564.0,50081.0,240.74,474.82,0,0,0,0,0,0,0,0,0,0,0,0,0,0,0,0,0,0,0,0,0,0,0,0,0,0,0,0,0,0,0,0,0,0,0,0,0,0,0,0,0,0,0,0,0,0,0,0,0,0,0,0,0,0,0,0,0,0,0,0,0,0,0,0,0,0,0,0,0,0,0,0,1,0,0,0,0,0,0,0,0,0,0,0,0,0,0,0,0,1,0,0,0,1,0,0,0,0,0,0,0,0,0,0,0,0,0,0,0,0,0,0,0,1,0,0,0,0,0,0,0,0,0,1,0,0,1,1,0,0,0,1,0,0,0,0,0,0,0,1,1,0,0,1,1,0,1,0,0,1,1,0,1,0,1,0,0,1,0,1,1,0,1,1,1,1,0,0,0,0,0,0,0,0,0,0,0,0,0,0,0,0,0,0,0,0,0,0,0,0,0,0,0,0,0,0,0,0,0,0,0,0,0,0,0,0,0,0,0,0,0,0,0,0,0,0,0,0,0,0,0,0,0,0,0,0,0,0,0,0,0,0,0,0,0,0,0,0,0,0,0,0,0,0,0,0,0,0,0,1,0,0,0,0,0,0,0,1,1,0,0,0,0,0,0,0,0,0,0,0,0,1,0,0,0,1,1,0,0,0,0,1,1,1,0,1,0,0,0,0,0,0,0,0,0,1,1,0,0,1,0,0,0,0,0,0,1,0,0,0,0,0,0,0,1,0,0,0,0,0,1,0,1,0,1,0,0,1,0,0,0,1,0,0
15,COC1=CC(=CC(=C1O)OC)C(=O)O,CC(C)O,JMSVCTWVEWCHDZ-UHFFFAOYSA-N,KFZMGEQAYNKOFK-UHFFFAOYSA-N,0.0,298.15,1.1076,48.17010000000002,75.99,198.17399999999998,80.50330952613635,0.3354625621767431,-0.5016991600387263,4,2,0.38710000000000006,17.354800000000004,20.23,60.096000000000004,26.263369008818774,0.04834761180869219,-0.3937069016405105,1,1,19.68678069728151,0.0,4.794537184071822,0.0,0.0,0.0,12.13273413692322,0.0,19.78304657425206,0.0,11.49902366656781,5.749511833283905,0.0,5.969305287951849,5.106527394840706,0.0,0.0,0.0,0.0,0.0,13.847474399381248,6.103966387748303,0.0,0.0,0.0,0.0,0.0,0.0,0.6815000193538087,1.3110567433300182,0.39946902346190655,0.3861980017039003,0.34158156713836285,0.3720594451933309,21055.0,61989.99999999999,411.35,589.0899999999999,4091.0,38563.0,169.39,359.97999999999996,0,0,0,0,0,0,0,0,0,0,0,0,0,0,0,0,0,0,0,0,0,0,0,0,0,0,0,0,0,0,0,0,0,0,0,0,0,0,0,0,0,0,0,0,0,0,0,0,0,0,0,0,0,0,0,0,0,0,0,0,0,0,0,0,0,0,0,0,0,0,0,0,1,0,0,0,0,0,0,0,0,0,0,0,0,0,0,0,0,1,0,0,0,1,0,0,0,0,0,0,0,0,0,0,0,0,0,0,0,0,0,0,0,1,0,0,0,0,0,0,0,0,0,1,0,0,1,1,0,0,0,1,0,0,0,0,0,0,0,1,1,0,0,1,1,0,1,0,0,1,1,0,1,0,1,0,0,1,0,1,1,0,1,1,1,1,0,0,0,0,0,0,0,0,0,0,0,0,0,0,0,0,0,0,0,0,0,0,0,0,0,0,0,0,0,0,0,0,0,0,0,0,0,0,0,0,0,0,0,0,0,0,0,0,0,0,0,0,0,0,0,0,0,0,0,0,0,0,0,0,0,0,0,0,0,0,0,0,0,0,0,1,0,0,0,0,0,0,0,0,0,0,0,0,0,0,0,0,0,0,0,0,0,0,0,0,0,0,0,0,0,0,0,0,0,0,0,0,0,0,0,0,0,0,0,0,0,0,0,0,0,0,0,0,0,0,0,0,0,0,0,0,0,0,0,0,1,0,0,0,0,0,0,0,0,0,1,0,0,1,0,0,0,0,1,0,0,1,0,0,0,1,0,0
16,COC1=CC(=CC(=C1O)OC)C(=O)O,COC(C)=O,JMSVCTWVEWCHDZ-UHFFFAOYSA-N,KXKVLQRXCPHEJC-UHFFFAOYSA-N,0.0,298.15,1.1076,48.17010000000002,75.99,198.17399999999998,80.50330952613635,0.3354625621767431,-0.5016991600387263,4,2,0.17930000000000001,17.689999999999998,26.3,74.079,30.74420258617341,0.3018471669894446,-0.46919810705104836,2,0,19.68678069728151,0.0,4.794537184071822,0.0,0.0,0.0,12.13273413692322,0.0,19.78304657425206,0.0,11.49902366656781,5.749511833283905,0.0,5.969305287951849,4.736862953800049,4.794537184071822,0.0,0.0,0.0,0.0,0.0,6.923737199690624,7.109797541277533,0.0,0.0,0.0,0.0,5.969305287951849,-0.2610059503353299,-0.36317914198374807,-0.18823978711972633,-0.17221538789379956,-0.14998527919350968,-0.16954630195183523,21055.0,61989.99999999999,411.35,589.0899999999999,7895.000000000001,29679.000000000004,165.9,326.46,0,0,0,0,0,0,0,0,0,0,0,0,0,0,0,0,0,0,0,0,0,0,0,0,0,0,0,0,0,0,0,0,0,0,0,0,0,0,0,0,0,0,0,0,0,0,0,0,0,0,0,0,0,0,0,0,0,0,0,0,0,0,0,0,0,0,0,0,0,0,0,0,1,0,0,0,0,0,0,0,0,0,0,0,0,0,0,0,0,1,0,0,0,1,0,0,0,0,0,0,0,0,0,0,0,0,0,0,0,0,0,0,0,1,0,0,0,0,0,0,0,0,0,1,0,0,1,1,0,0,0,1,0,0,0,0,0,0,0,1,1,0,0,1,1,0,1,0,0,1,1,0,1,0,1,0,0,1,0,1,1,0,1,1,1,1,0,0,0,0,0,0,0,0,0,0,0,0,0,0,0,0,0,0,0,0,0,0,0,0,0,0,0,0,0,0,0,0,0,0,0,0,0,0,0,0,0,0,0,0,0,0,0,0,0,0,0,0,0,0,0,0,0,0,0,0,0,0,0,0,0,0,0,0,0,0,0,0,0,0,0,0,0,0,0,0,0,0,0,0,0,0,0,0,0,0,0,0,0,0,1,0,0,0,0,0,0,0,0,0,0,0,0,0,0,0,0,0,0,0,0,0,0,0,0,0,0,0,0,0,1,0,0,1,0,0,0,0,0,0,0,0,0,0,0,0,0,0,0,0,0,0,0,0,0,0,1,0,0,0,0,1,0,0,1,0,1,1,0,0,0,1,0,0
17,COC1=CC(=CC(=C1O)OC)C(=O)O,CCO,JMSVCTWVEWCHDZ-UHFFFAOYSA-N,LFQSCWFLJHTTHZ-UHFFFAOYSA-N,0.0,298.15,1.1076,48.17010000000002,75.99,198.17399999999998,80.50330952613635,0.3354625621767431,-0.5016991600387263,4,2,-0.0014000000000000123,12.759800000000002,20.23,46.069,19.89842689442217,0.04022058174908642,-0.3966637147812598,1,1,19.68678069728151,0.0,4.794537184071822,0.0,0.0,0.0,12.13273413692322,0.0,19.78304657425206,0.0,11.49902366656781,5.749511833283905,0.0,5.969305287951849,5.106527394840706,0.0,0.0,0.0,0.0,0.0,6.923737199690624,6.606881964512918,0.0,0.0,0.0,0.0,0.0,0.0,-0.08893491016722534,-0.06939946008928842,-0.08746571202740495,-0.06956634298224078,-0.06291757834093684,-0.0751417022748986,21055.0,61989.99999999999,411.35,589.0899999999999,5024.0,36725.0,173.12,337.53999999999996,0,0,0,0,0,0,0,0,0,0,0,0,0,0,0,0,0,0,0,0,0,0,0,0,0,0,0,0,0,0,0,0,0,0,0,0,0,0,0,0,0,0,0,0,0,0,0,0,0,0,0,0,0,0,0,0,0,0,0,0,0,0,0,0,0,0,0,0,0,0,0,0,1,0,0,0,0,0,0,0,0,0,0,0,0,0,0,0,0,1,0,0,0,1,0,0,0,0,0,0,0,0,0,0,0,0,0,0,0,0,0,0,0,1,0,0,0,0,0,0,0,0,0,1,0,0,1,1,0,0,0,1,0,0,0,0,0,0,0,1,1,0,0,1,1,0,1,0,0,1,1,0,1,0,1,0,0,1,0,1,1,0,1,1,1,1,0,0,0,0,0,0,0,0,0,0,0,0,0,0,0,0,0,0,0,0,0,0,0,0,0,0,0,0,0,0,0,0,0,0,0,0,0,0,0,0,0,0,0,0,0,0,0,0,0,0,0,0,0,0,0,0,0,0,0,0,0,0,0,0,0,0,0,0,0,0,0,0,0,0,0,0,0,0,0,0,0,0,0,1,0,0,0,0,0,0,0,0,0,0,0,0,0,0,0,0,0,0,0,0,0,0,0,0,0,0,1,0,0,0,0,1,0,0,0,0,0,0,0,0,0,0,0,0,0,0,0,0,0,0,0,0,0,0,0,0,1,0,0,0,0,0,0,0,0,0,0,0,0,0,1,0,1,0,1,0,0,1,0,0,0,1,0,0
18,COC1=CC(=CC(=C1O)OC)C(=O)O,CCCCO,JMSVCTWVEWCHDZ-UHFFFAOYSA-N,LRHPLDYGYMQRHN-UHFFFAOYSA-N,0.0,298.15,1.1076,48.17010000000002,75.99,198.17399999999998,80.50330952613635,0.3354625621767431,-0.5016991600387263,4,2,0.7787999999999999,21.993799999999997,20.23,74.12299999999999,32.62831112321538,0.043042283485206966,-0.39637675206921097,1,1,19.68678069728151,0.0,4.794537184071822,0.0,0.0,0.0,12.13273413692322,0.0,19.78304657425206,0.0,11.49902366656781,5.749511833283905,0.0,5.969305287951849,5.106527394840706,0.0,0.0,0.0,0.0,13.344558822616634,6.4208216229260096,6.606881964512918,0.0,0.0,0.0,0.0,0.0,0.0,0.6408152776920498,1.0471001798048738,0.45256287756604585,0.4061904773869475,0.36253005625088,0.408607979147408,21055.0,61989.99999999999,411.35,589.0899999999999,10203.999999999998,41177.00000000001,195.66,383.29999999999995,0,0,0,0,0,0,0,0,0,0,0,0,0,0,0,0,0,0,0,0,0,0,0,0,0,0,0,0,0,0,0,0,0,0,0,0,0,0,0,0,0,0,0,0,0,0,0,0,0,0,0,0,0,0,0,0,0,0,0,0,0,0,0,0,0,0,0,0,0,0,0,0,1,0,0,0,0,0,0,0,0,0,0,0,0,0,0,0,0,1,0,0,0,1,0,0,0,0,0,0,0,0,0,0,0,0,0,0,0,0,0,0,0,1,0,0,0,0,0,0,0,0,0,1,0,0,1,1,0,0,0,1,0,0,0,0,0,0,0,1,1,0,0,1,1,0,1,0,0,1,1,0,1,0,1,0,0,1,0,1,1,0,1,1,1,1,0,0,0,0,0,0,0,0,0,0,0,0,0,0,0,0,0,0,0,0,0,0,0,0,0,0,0,0,0,0,0,0,0,0,0,0,0,0,0,0,0,0,0,0,0,0,0,0,0,0,0,0,0,0,0,0,0,0,0,0,0,0,0,0,0,0,0,0,0,0,0,0,0,0,0,0,0,0,0,0,0,0,0,1,0,0,0,0,0,0,0,1,0,0,0,0,0,0,0,0,0,0,0,0,0,1,0,0,0,0,1,0,0,0,0,1,1,1,0,1,0,0,0,0,0,0,0,0,0,0,0,0,0,1,0,0,0,0,0,0,1,0,0,0,0,0,0,0,1,0,0,0,0,0,1,0,1,0,1,0,0,1,0,0,0,1,0,0
19,COC1=CC(=CC(=C1O)OC)C(=O)O,OCCO,JMSVCTWVEWCHDZ-UHFFFAOYSA-N,LYCAIKOWRPUZTN-UHFFFAOYSA-N,0.0,298.15,1.1076,48.17010000000002,75.99,198.17399999999998,80.50330952613635,0.3354625621767431,-0.5016991600387263,4,2,-1.0290000000000001,14.171600000000002,40.46,62.068000000000005,24.69266064661818,0.06622663964681728,-0.3939905415754596,2,2,19.68678069728151,0.0,4.794537184071822,0.0,0.0,0.0,12.13273413692322,0.0,19.78304657425206,0.0,11.49902366656781,5.749511833283905,0.0,5.969305287951849,10.213054789681411,0.0,0.0,0.0,0.0,0.0,0.0,0.0,13.213763929025836,0.0,0.0,0.0,0.0,0.0,-1.1547297238335485,-1.5602383260742119,-0.8713031273159954,-0.7406753875366046,-0.6664865967362121,-0.7678066501921986,21055.0,61989.99999999999,411.35,589.0899999999999,9112.0,53404.0,233.94,429.71999999999997,0,0,0,0,0,0,0,0,0,0,0,0,0,0,0,0,0,0,0,0,0,0,0,0,0,0,0,0,0,0,0,0,0,0,0,0,0,0,0,0,0,0,0,0,0,0,0,0,0,0,0,0,0,0,0,0,0,0,0,0,0,0,0,0,0,0,0,0,0,0,0,0,1,0,0,0,0,0,0,0,0,0,0,0,0,0,0,0,0,1,0,0,0,1,0,0,0,0,0,0,0,0,0,0,0,0,0,0,0,0,0,0,0,1,0,0,0,0,0,0,0,0,0,1,0,0,1,1,0,0,0,1,0,0,0,0,0,0,0,1,1,0,0,1,1,0,1,0,0,1,1,0,1,0,1,0,0,1,0,1,1,0,1,1,1,1,0,0,0,0,0,0,0,0,0,0,0,0,0,0,0,0,0,0,0,0,0,0,0,0,0,0,0,0,0,0,0,0,0,0,0,0,0,0,0,0,0,0,0,0,0,0,0,0,0,0,0,0,0,0,0,1,0,0,0,0,0,0,0,0,0,0,0,0,0,0,0,0,0,1,0,0,0,0,0,0,0,0,0,1,0,0,0,0,0,0,0,0,0,0,0,0,0,0,0,0,0,0,0,0,0,1,0,0,0,0,1,0,0,0,0,0,0,0,0,1,0,0,0,0,0,0,0,0,0,0,0,0,1,1,0,0,0,0,0,1,1,0,0,0,0,0,0,0,1,0,0,0,0,0,1,0,1,0,1,0,1,0,0,0,0,1,0,0
20,COC1=CC(=CC(=C1O)OC)C(=O)O,Clc1ccccc1,JMSVCTWVEWCHDZ-UHFFFAOYSA-N,MVPPADPHJFYWMZ-UHFFFAOYSA-N,0.0,298.15,1.1076,48.17010000000002,75.99,198.17399999999998,80.50330952613635,0.3354625621767431,-0.5016991600387263,4,2,2.34,31.451999999999998,0.0,112.55899999999997,47.73466934637863,0.04054844089419866,-0.08434447652490142,0,0,19.68678069728151,0.0,4.794537184071822,0.0,0.0,0.0,12.13273413692322,0.0,19.78304657425206,0.0,11.49902366656781,5.749511833283905,0.0,5.969305287951849,0.0,0.0,0.0,0.0,0.0,29.800041095617345,12.13273413692322,5.022633313741326,0.0,0.0,0.0,0.0,0.0,0.0,0.9629876932811775,2.0971099559318125,0.6163469102137732,0.5649353425575002,0.5123872664051794,0.5662084580106496,21055.0,61989.99999999999,411.35,589.0899999999999,7140.0,32552.000000000007,176.7,369.98,0,0,0,0,0,0,0,0,0,0,0,0,0,0,0,0,0,0,0,0,0,0,0,0,0,0,0,0,0,0,0,0,0,0,0,0,0,0,0,0,0,0,0,0,0,0,0,0,0,0,0,0,0,0,0,0,0,0,0,0,0,0,0,0,0,0,0,0,0,0,0,0,1,0,0,0,0,0,0,0,0,0,0,0,0,0,0,0,0,1,0,0,0,1,0,0,0,0,0,0,0,0,0,0,0,0,0,0,0,0,0,0,0,1,0,0,0,0,0,0,0,0,0,1,0,0,1,1,0,0,0,1,0,0,0,0,0,0,0,1,1,0,0,1,1,0,1,0,0,1,1,0,1,0,1,0,0,1,0,1,1,0,1,1,1,1,0,0,0,0,0,0,0,0,0,0,0,0,0,0,0,0,0,0,0,0,0,0,0,0,0,0,0,0,0,0,0,0,0,0,0,0,0,0,0,0,0,0,0,0,0,0,0,0,0,0,0,0,0,0,0,0,0,0,0,0,0,0,0,0,0,0,0,0,0,0,0,0,0,0,0,0,0,0,0,0,0,0,0,0,0,0,0,0,1,0,0,0,0,0,0,0,0,0,0,0,0,0,0,0,1,0,0,0,1,0,0,0,0,0,0,0,0,0,0,0,0,0,0,0,0,0,0,0,0,0,0,0,0,0,0,1,0,0,0,0,0,0,0,0,0,0,0,0,0,0,0,0,0,0,0,0,0,0,0,0,0,0,0,1,1,0,1,0
21,COC1=CC(=CC(=C1O)OC)C(=O)O,CO,JMSVCTWVEWCHDZ-UHFFFAOYSA-N,OKKJLVBELUTLKV-UHFFFAOYSA-N,0.0,298.15,1.1076,48.17010000000002,75.99,198.17399999999998,80.50330952613635,0.3354625621767431,-0.5016991600387263,4,2,-0.3915,8.1428,20.23,32.042,13.533484780025564,0.031940683717728124,-0.3996302435573072,1,1,19.68678069728151,0.0,4.794537184071822,0.0,0.0,0.0,12.13273413692322,0.0,19.78304657425206,0.0,11.49902366656781,5.749511833283905,0.0,5.969305287951849,5.106527394840706,0.0,0.0,0.0,0.0,0.0,0.0,7.109797541277533,0.0,0.0,0.0,0.0,0.0,0.0,-0.6041042211468048,-0.782990704123407,-0.670650979465226,-0.4559595182308251,-0.44262828412041305,-0.549953923557871,21055.0,61989.99999999999,411.35,589.0899999999999,2434.0,34499.0,161.85,314.65999999999997,0,0,0,0,0,0,0,0,0,0,0,0,0,0,0,0,0,0,0,0,0,0,0,0,0,0,0,0,0,0,0,0,0,0,0,0,0,0,0,0,0,0,0,0,0,0,0,0,0,0,0,0,0,0,0,0,0,0,0,0,0,0,0,0,0,0,0,0,0,0,0,0,1,0,0,0,0,0,0,0,0,0,0,0,0,0,0,0,0,1,0,0,0,1,0,0,0,0,0,0,0,0,0,0,0,0,0,0,0,0,0,0,0,1,0,0,0,0,0,0,0,0,0,1,0,0,1,1,0,0,0,1,0,0,0,0,0,0,0,1,1,0,0,1,1,0,1,0,0,1,1,0,1,0,1,0,0,1,0,1,1,0,1,1,1,1,0,0,0,0,0,0,0,0,0,0,0,0,0,0,0,0,0,0,0,0,0,0,0,0,0,0,0,0,0,0,0,0,0,0,0,0,0,0,0,0,0,0,0,0,0,0,0,0,0,0,0,0,0,0,0,0,0,0,0,0,0,0,0,0,0,0,0,0,0,0,0,0,0,0,0,0,0,0,0,0,0,0,0,0,0,0,0,0,0,0,0,0,0,0,1,0,0,0,0,0,0,0,0,0,0,0,0,0,0,0,0,0,0,0,0,0,0,0,0,0,0,0,0,0,0,0,0,0,0,0,0,0,0,0,0,0,0,0,0,0,1,0,0,0,0,0,0,0,0,0,0,0,0,0,0,0,0,0,1,0,0,1,0,0,0,1,0,0
22,COC1=CC(=CC(=C1O)OC)C(=O)O,CC(C)CCO,JMSVCTWVEWCHDZ-UHFFFAOYSA-N,PHTQWCKDNZKARW-UHFFFAOYSA-N,0.0,298.15,1.1076,48.17010000000002,75.99,198.17399999999998,80.50330952613635,0.3354625621767431,-0.5016991600387263,4,2,1.0248,26.54079999999999,20.23,88.14999999999999,38.99325323761199,0.04329631139781931,-0.3963660786745106,1,1,19.68678069728151,0.0,4.794537184071822,0.0,0.0,0.0,12.13273413692322,0.0,19.78304657425206,0.0,11.49902366656781,5.749511833283905,0.0,5.969305287951849,5.106527394840706,0.0,0.0,0.0,0.0,13.847474399381248,12.338727669087403,6.606881964512918,0.0,0.0,0.0,0.0,0.0,0.0,0.8891877108725984,1.3622565285395596,0.7025483697687391,0.5922667993427954,0.5385314789857606,0.6208698377589258,21055.0,61989.99999999999,411.35,589.0899999999999,9270.999999999998,43015.0,191.93,405.73999999999995,0,0,0,0,0,0,0,0,0,0,0,0,0,0,0,0,0,0,0,0,0,0,0,0,0,0,0,0,0,0,0,0,0,0,0,0,0,0,0,0,0,0,0,0,0,0,0,0,0,0,0,0,0,0,0,0,0,0,0,0,0,0,0,0,0,0,0,0,0,0,0,0,1,0,0,0,0,0,0,0,0,0,0,0,0,0,0,0,0,1,0,0,0,1,0,0,0,0,0,0,0,0,0,0,0,0,0,0,0,0,0,0,0,1,0,0,0,0,0,0,0,0,0,1,0,0,1,1,0,0,0,1,0,0,0,0,0,0,0,1,1,0,0,1,1,0,1,0,0,1,1,0,1,0,1,0,0,1,0,1,1,0,1,1,1,1,0,0,0,0,0,0,0,0,0,0,0,0,0,0,0,0,0,0,0,0,0,0,0,0,0,0,0,0,0,0,0,0,0,0,0,0,0,0,0,0,0,0,0,0,0,0,0,0,0,0,0,0,0,0,0,0,0,0,0,0,0,0,0,0,0,0,0,0,0,0,0,0,0,0,0,1,0,0,0,0,0,0,0,1,0,0,0,0,0,0,0,0,0,0,0,0,0,0,0,0,0,0,0,0,0,1,0,0,0,0,1,0,0,0,0,0,1,1,0,1,0,0,0,0,0,0,0,0,0,0,0,0,0,1,0,0,0,0,0,0,1,0,0,0,0,0,0,0,1,0,1,0,0,0,1,0,1,0,1,0,0,1,0,0,0,1,0,0
23,COC1=CC(=CC(=C1O)OC)C(=O)O,CC(=O)O,JMSVCTWVEWCHDZ-UHFFFAOYSA-N,QTBSBXVTEAMEQO-UHFFFAOYSA-N,0.0,298.15,1.1076,48.17010000000002,75.99,198.17399999999998,80.50330952613635,0.3354625621767431,-0.5016991600387263,4,2,0.09089999999999993,13.309800000000001,37.3,60.05200000000001,24.059948994465934,0.2996845531582142,-0.481433475172105,1,1,19.68678069728151,0.0,4.794537184071822,0.0,0.0,0.0,12.13273413692322,0.0,19.78304657425206,0.0,11.49902366656781,5.749511833283905,0.0,5.969305287951849,5.106527394840706,4.794537184071822,0.0,0.0,0.0,0.0,0.0,6.923737199690624,0.0,0.0,0.0,0.0,5.969305287951849,0.0,-0.6895477313826762,-1.0570651549009142,-0.4555085267350421,-0.4292274200733059,-0.37313648279063727,-0.41565824758463293,21055.0,61989.99999999999,411.35,589.0899999999999,11078.999999999998,37210.0,272.9,390.87,0,0,0,0,0,0,0,0,0,0,0,0,0,0,0,0,0,0,0,0,0,0,0,0,0,0,0,0,0,0,0,0,0,0,0,0,0,0,0,0,0,0,0,0,0,0,0,0,0,0,0,0,0,0,0,0,0,0,0,0,0,0,0,0,0,0,0,0,0,0,0,0,1,0,0,0,0,0,0,0,0,0,0,0,0,0,0,0,0,1,0,0,0,1,0,0,0,0,0,0,0,0,0,0,0,0,0,0,0,0,0,0,0,1,0,0,0,0,0,0,0,0,0,1,0,0,1,1,0,0,0,1,0,0,0,0,0,0,0,1,1,0,0,1,1,0,1,0,0,1,1,0,1,0,1,0,0,1,0,1,1,0,1,1,1,1,0,0,0,0,0,0,0,0,0,0,0,0,0,0,0,0,0,0,0,0,0,0,0,0,0,0,0,0,0,0,0,0,0,0,0,0,0,0,0,0,0,0,0,0,0,0,0,0,0,0,0,0,0,0,0,0,0,0,0,0,0,0,0,0,0,0,0,0,0,0,0,0,0,0,0,0,0,0,0,0,0,0,0,0,0,0,0,0,0,0,0,0,0,0,0,0,0,0,0,0,0,0,0,0,0,0,0,0,0,0,0,0,0,0,0,0,0,0,0,0,0,0,0,0,1,0,0,0,0,0,0,0,0,0,0,0,0,0,0,0,1,0,0,0,0,0,0,0,0,0,0,0,0,0,0,1,0,0,1,0,1,1,0,0,0,1,0,0
24,COC1=CC(=CC(=C1O)OC)C(=O)O,CCOCC,JMSVCTWVEWCHDZ-UHFFFAOYSA-N,RTZKZFJDLAIYFH-UHFFFAOYSA-N,0.0,298.15,1.1076,48.17010000000002,75.99,198.17399999999998,80.50330952613635,0.3354625621767431,-0.5016991600387263,4,2,1.0428000000000002,22.166999999999994,9.23,74.123,32.94762260052625,0.043708412524692805,-0.3820258357826421,1,0,19.68678069728151,0.0,4.794537184071822,0.0,0.0,0.0,12.13273413692322,0.0,19.78304657425206,0.0,11.49902366656781,5.749511833283905,0.0,5.969305287951849,4.736862953800049,0.0,0.0,0.0,0.0,0.0,13.847474399381248,13.213763929025836,0.0,0.0,0.0,0.0,0.0,0.0,0.813735502774727,1.274594448343145,0.6153857590406595,0.5323916436061854,0.48017085197660986,0.5485859327323892,21055.0,61989.99999999999,411.35,589.0899999999999,7303.999999999999,26908.0,157.07,313.53999999999996,0,0,0,0,0,0,0,0,0,0,0,0,0,0,0,0,0,0,0,0,0,0,0,0,0,0,0,0,0,0,0,0,0,0,0,0,0,0,0,0,0,0,0,0,0,0,0,0,0,0,0,0,0,0,0,0,0,0,0,0,0,0,0,0,0,0,0,0,0,0,0,0,1,0,0,0,0,0,0,0,0,0,0,0,0,0,0,0,0,1,0,0,0,1,0,0,0,0,0,0,0,0,0,0,0,0,0,0,0,0,0,0,0,1,0,0,0,0,0,0,0,0,0,1,0,0,1,1,0,0,0,1,0,0,0,0,0,0,0,1,1,0,0,1,1,0,1,0,0,1,1,0,1,0,1,0,0,1,0,1,1,0,1,1,1,1,0,0,0,0,0,0,0,0,0,0,0,0,0,0,0,0,0,0,0,0,0,0,0,0,0,0,0,0,0,0,0,0,0,0,0,0,0,0,0,0,0,0,0,0,0,0,0,0,0,0,0,0,0,0,0,0,0,0,0,0,0,0,0,0,0,0,0,0,0,0,0,0,0,0,0,0,0,0,0,0,0,0,0,0,0,0,0,1,0,0,0,0,0,0,0,0,0,0,0,0,0,0,0,0,0,0,0,0,0,0,1,0,0,0,0,1,0,1,0,0,0,0,0,0,0,0,0,1,0,0,0,0,0,0,0,0,0,0,0,1,0,0,0,0,0,0,0,0,0,0,1,0,0,0,1,0,1,0,1,0,0,1,0,0,0,1,0,0
25,COC1=CC(=CC(=C1O)OC)C(=O)O,C1COCCO1,JMSVCTWVEWCHDZ-UHFFFAOYSA-N,RYHBNJHYFVUHQT-UHFFFAOYSA-N,0.0,298.15,1.1076,48.17010000000002,75.99,198.17399999999998,80.50330952613635,0.3354625621767431,-0.5016991600387263,4,2,0.03320000000000001,21.637999999999995,18.46,88.106,37.055336676503906,0.07011439546557022,-0.37666763607345255,2,0,19.68678069728151,0.0,4.794537184071822,0.0,0.0,0.0,12.13273413692322,0.0,19.78304657425206,0.0,11.49902366656781,5.749511833283905,0.0,5.969305287951849,9.473725907600098,0.0,0.0,0.0,0.0,0.0,0.0,0.0,26.427527858051672,0.0,0.0,0.0,0.0,0.0,0.1605767033374157,0.2669407766158458,0.12796119901744868,0.10524543237336635,0.09769124997109213,0.11288309671557879,21055.0,61989.99999999999,411.35,589.0899999999999,12838.0,34256.0,199.6,369.24,0,0,0,0,0,0,0,0,0,0,0,0,0,0,0,0,0,0,0,0,0,0,0,0,0,0,0,0,0,0,0,0,0,0,0,0,0,0,0,0,0,0,0,0,0,0,0,0,0,0,0,0,0,0,0,0,0,0,0,0,0,0,0,0,0,0,0,0,0,0,0,0,1,0,0,0,0,0,0,0,0,0,0,0,0,0,0,0,0,1,0,0,0,1,0,0,0,0,0,0,0,0,0,0,0,0,0,0,0,0,0,0,0,1,0,0,0,0,0,0,0,0,0,1,0,0,1,1,0,0,0,1,0,0,0,0,0,0,0,1,1,0,0,1,1,0,1,0,0,1,1,0,1,0,1,0,0,1,0,1,1,0,1,1,1,1,0,0,0,0,0,0,0,0,0,0,0,0,0,0,0,0,0,0,0,0,0,0,0,0,0,0,0,0,0,0,0,0,0,0,0,0,0,0,0,0,0,0,0,0,0,0,0,0,0,0,0,0,0,0,0,0,0,0,1,0,0,0,0,0,0,0,0,0,0,0,0,0,0,1,0,0,0,0,0,0,0,0,0,0,0,0,0,1,0,0,0,0,0,0,0,0,0,0,0,1,0,0,0,0,0,0,0,0,0,0,1,0,0,0,0,0,0,0,0,1,0,1,0,0,0,0,0,0,0,1,1,0,0,1,0,0,0,0,1,1,0,0,0,0,0,0,0,0,1,0,0,0,0,0,1,0,0,0,1,0,1,0,0,0,1,1,1,0
26,COC1=CC(=CC(=C1O)OC)C(=O)O,CN1CCCC1=O,JMSVCTWVEWCHDZ-UHFFFAOYSA-N,SECXISVLQFMRJM-UHFFFAOYSA-N,0.0,298.15,1.1076,48.17010000000002,75.99,198.17399999999998,80.50330952613635,0.3354625621767431,-0.5016991600387263,4,2,0.23859999999999992,26.870999999999988,20.310000000000002,99.133,43.11454410213389,0.2218735635044728,-0.34574891494977367,1,0,19.68678069728151,0.0,4.794537184071822,0.0,0.0,0.0,12.13273413692322,0.0,19.78304657425206,0.0,11.49902366656781,5.749511833283905,0.0,5.969305287951849,4.899909730850478,4.794537184071822,0.0,0.0,0.0,0.0,6.4208216229260096,20.013250011515773,0.0,0.0,0.0,5.907179729351506,0.0,0.0,-1.90589274586148,-2.855206514546429,-1.6751203278963531,-1.2957373676039183,-1.2042085230337907,-1.4297931835414666,21055.0,61989.99999999999,411.35,589.0899999999999,6201.000000000001,33408.0,265.46000000000004,409.94,0,0,0,0,0,0,0,0,0,0,0,0,0,0,0,0,0,0,0,0,0,0,0,0,0,0,0,0,0,0,0,0,0,0,0,0,0,0,0,0,0,0,0,0,0,0,0,0,0,0,0,0,0,0,0,0,0,0,0,0,0,0,0,0,0,0,0,0,0,0,0,0,1,0,0,0,0,0,0,0,0,0,0,0,0,0,0,0,0,1,0,0,0,1,0,0,0,0,0,0,0,0,0,0,0,0,0,0,0,0,0,0,0,1,0,0,0,0,0,0,0,0,0,1,0,0,1,1,0,0,0,1,0,0,0,0,0,0,0,1,1,0,0,1,1,0,1,0,0,1,1,0,1,0,1,0,0,1,0,1,1,0,1,1,1,1,0,0,0,0,0,0,0,0,0,0,0,0,0,0,0,0,0,0,0,0,0,0,0,0,0,0,0,0,0,0,0,0,0,0,0,0,0,0,0,0,0,0,0,0,0,0,0,0,0,0,0,0,0,0,0,0,0,0,0,0,0,0,0,0,0,0,0,0,0,0,0,0,0,0,0,0,1,0,0,0,0,0,0,0,1,0,1,1,0,0,0,0,0,1,1,0,0,1,0,0,0,1,0,0,0,0,0,0,0,1,0,1,1,0,0,0,1,1,1,1,0,0,1,1,0,0,0,0,1,0,1,0,0,1,0,0,0,0,1,0,0,0,0,0,1,0,0,0,1,1,0,1,0,0,1,1,0,1,0,1,0,1,1,0,0,1,1,0
27,COC1=CC(=CC(=C1O)OC)C(=O)O,c1ccccc1,JMSVCTWVEWCHDZ-UHFFFAOYSA-N,UHOVQNZJYSORNB-UHFFFAOYSA-N,0.0,298.15,1.1076,48.17010000000002,75.99,198.17399999999998,80.50330952613635,0.3354625621767431,-0.5016991600387263,4,2,1.6866,26.441999999999993,0.0,78.11399999999999,37.43140311949697,-0.062268570782092456,-0.062268570782092456,0,0,19.68678069728151,0.0,4.794537184071822,0.0,0.0,0.0,12.13273413692322,0.0,19.78304657425206,0.0,11.49902366656781,5.749511833283905,0.0,5.969305287951849,0.0,0.0,0.0,0.0,0.0,36.39820241076966,0.0,0.0,0.0,0.0,0.0,0.0,0.0,0.0,0.8011922997704751,2.345270742908629,0.46195454898801985,0.4398486470220728,0.4010277787656986,0.4333090668026536,21055.0,61989.99999999999,411.35,589.0899999999999,5726.0,30564.0,171.28,358.58,0,0,0,0,0,0,0,0,0,0,0,0,0,0,0,0,0,0,0,0,0,0,0,0,0,0,0,0,0,0,0,0,0,0,0,0,0,0,0,0,0,0,0,0,0,0,0,0,0,0,0,0,0,0,0,0,0,0,0,0,0,0,0,0,0,0,0,0,0,0,0,0,1,0,0,0,0,0,0,0,0,0,0,0,0,0,0,0,0,1,0,0,0,1,0,0,0,0,0,0,0,0,0,0,0,0,0,0,0,0,0,0,0,1,0,0,0,0,0,0,0,0,0,1,0,0,1,1,0,0,0,1,0,0,0,0,0,0,0,1,1,0,0,1,1,0,1,0,0,1,1,0,1,0,1,0,0,1,0,1,1,0,1,1,1,1,0,0,0,0,0,0,0,0,0,0,0,0,0,0,0,0,0,0,0,0,0,0,0,0,0,0,0,0,0,0,0,0,0,0,0,0,0,0,0,0,0,0,0,0,0,0,0,0,0,0,0,0,0,0,0,0,0,0,0,0,0,0,0,0,0,0,0,0,0,0,0,0,0,0,0,0,0,0,0,0,0,0,0,0,0,0,0,0,0,0,0,0,0,0,0,0,0,0,0,0,0,0,0,0,0,0,0,0,0,0,0,0,0,0,0,0,0,0,0,0,0,0,0,0,0,0,0,0,0,0,0,0,0,0,0,0,0,0,0,0,0,0,0,0,0,0,0,0,0,0,0,0,0,0,0,0,0,0,0,0,0,0,0,1,1,0,1,0
28,COC1=CC(=CC(=C1O)OC)C(=O)O,CCCCCC,JMSVCTWVEWCHDZ-UHFFFAOYSA-N,VLKZOEOYAKHREP-UHFFFAOYSA-N,0.0,298.15,1.1076,48.17010000000002,75.99,198.17399999999998,80.50330952613635,0.3354625621767431,-0.5016991600387263,4,2,2.5866000000000007,29.81599999999998,0.0,86.178,40.563961599812586,-0.05357870225236844,-0.06538238459812357,0,0,19.68678069728151,0.0,4.794537184071822,0.0,0.0,0.0,12.13273413692322,0.0,19.78304657425206,0.0,11.49902366656781,5.749511833283905,0.0,5.969305287951849,0.0,0.0,0.0,0.0,0.0,39.53076089108528,0.0,0.0,0.0,0.0,0.0,0.0,0.0,0.0,2.0630703394994314,3.9758335097779174,1.6699833045131514,1.3478908970967205,1.258586694852602,1.461843300077918,21055.0,61989.99999999999,411.35,589.0899999999999,11296.0,28950.000000000004,157.38,336.88,0,0,0,0,0,0,0,0,0,0,0,0,0,0,0,0,0,0,0,0,0,0,0,0,0,0,0,0,0,0,0,0,0,0,0,0,0,0,0,0,0,0,0,0,0,0,0,0,0,0,0,0,0,0,0,0,0,0,0,0,0,0,0,0,0,0,0,0,0,0,0,0,1,0,0,0,0,0,0,0,0,0,0,0,0,0,0,0,0,1,0,0,0,1,0,0,0,0,0,0,0,0,0,0,0,0,0,0,0,0,0,0,0,1,0,0,0,0,0,0,0,0,0,1,0,0,1,1,0,0,0,1,0,0,0,0,0,0,0,1,1,0,0,1,1,0,1,0,0,1,1,0,1,0,1,0,0,1,0,1,1,0,1,1,1,1,0,0,0,0,0,0,0,0,0,0,0,0,0,0,0,0,0,0,0,0,0,0,0,0,0,0,0,0,0,0,0,0,0,0,0,0,0,0,0,0,0,0,0,0,0,0,0,0,0,0,0,0,0,0,0,0,0,0,0,0,0,0,0,0,0,0,0,0,0,0,0,0,0,0,0,0,0,0,0,0,0,0,0,0,0,0,0,0,0,0,0,0,0,0,0,0,0,0,0,0,0,0,0,0,0,0,0,0,0,1,0,0,0,0,0,1,1,1,0,1,0,0,0,0,0,0,0,0,0,0,1,0,0,0,0,0,0,0,0,0,0,0,0,0,0,0,0,0,1,0,1,0,0,0,0,0,1,0,0,0,0,1,0,0,0,0,0,0
29,COC1=CC(=CC(=C1O)OC)C(=O)O,ClC(Cl)(Cl)Cl,JMSVCTWVEWCHDZ-UHFFFAOYSA-N,VZGDMQKNWNREIO-UHFFFAOYSA-N,0.0,298.15,1.1076,48.17010000000002,75.99,198.17399999999998,80.50330952613635,0.3354625621767431,-0.5016991600387263,4,2,2.5529,26.143,0.0,153.823,49.952315935356246,0.26568521128753525,-0.06642130282188381,0,0,19.68678069728151,0.0,4.794537184071822,0.0,0.0,0.0,12.13273413692322,0.0,19.78304657425206,0.0,11.49902366656781,5.749511833283905,0.0,5.969305287951849,0.0,0.0,0.0,0.0,0.0,46.40375956093006,0.0,0.0,0.0,0.0,0.0,0.0,3.2517177575741014,0.0,1.4417477698250116,11.817072067798184,1.0032393919078406,0.8812502726853134,0.8078686378470691,0.9073636926959759,21055.0,61989.99999999999,411.35,589.0899999999999,7720.000000000002,34064.0,223.13,368.97,0,0,0,0,0,0,0,0,0,0,0,0,0,0,0,0,0,0,0,0,0,0,0,0,0,0,0,0,0,0,0,0,0,0,0,0,0,0,0,0,0,0,0,0,0,0,0,0,0,0,0,0,0,0,0,0,0,0,0,0,0,0,0,0,0,0,0,0,0,0,0,0,1,0,0,0,0,0,0,0,0,0,0,0,0,0,0,0,0,1,0,0,0,1,0,0,0,0,0,0,0,0,0,0,0,0,0,0,0,0,0,0,0,1,0,0,0,0,0,0,0,0,0,1,0,0,1,1,0,0,0,1,0,0,0,0,0,0,0,1,1,0,0,1,1,0,1,0,0,1,1,0,1,0,1,0,0,1,0,1,1,0,1,1,1,1,0,0,0,0,0,0,0,0,0,0,0,0,0,0,0,0,0,0,0,0,0,0,0,0,0,0,0,0,0,0,0,0,0,0,0,0,0,0,0,0,0,0,0,0,0,0,0,0,0,0,0,0,0,0,0,0,0,0,0,0,0,0,0,0,0,0,0,0,0,0,0,0,0,0,0,0,0,0,0,0,0,0,0,0,0,0,0,0,0,0,0,0,0,0,0,0,0,0,0,0,0,0,0,0,1,0,0,1,1,0,0,0,0,1,0,0,0,0,0,0,0,0,0,0,0,0,0,0,0,0,0,0,0,0,0,1,0,0,0,0,0,0,0,0,0,0,0,0,0,0,0,0,0,0,0,0,0,0,0,0,0,0,0,0,0,0,0,0
30,COC1=CC(=CC(=C1O)OC)C(=O)O,CCOC=O,JMSVCTWVEWCHDZ-UHFFFAOYSA-N,WBJINCZRORDGAQ-UHFFFAOYSA-N,0.0,298.15,1.1076,48.17010000000002,75.99,198.17399999999998,80.50330952613635,0.3354625621767431,-0.5016991600387263,4,2,0.17930000000000001,17.689999999999998,26.3,74.07900000000001,30.744202586173408,0.2925654199437486,-0.46819518164403584,2,0,19.68678069728151,0.0,4.794537184071822,0.0,0.0,0.0,12.13273413692322,0.0,19.78304657425206,0.0,11.49902366656781,5.749511833283905,0.0,5.969305287951849,4.736862953800049,4.794537184071822,0.0,0.0,0.0,0.0,6.923737199690624,0.0,6.606881964512918,0.0,0.0,0.0,6.472220864716464,0.0,-0.24814851392506315,-0.2389734457045739,-0.4500097428443833,-0.2280121103462022,-0.2473673202335726,-0.33874776789963584,21055.0,61989.99999999999,411.35,589.0899999999999,5815.0,28992.0,165.57,316.9,0,0,0,0,0,0,0,0,0,0,0,0,0,0,0,0,0,0,0,0,0,0,0,0,0,0,0,0,0,0,0,0,0,0,0,0,0,0,0,0,0,0,0,0,0,0,0,0,0,0,0,0,0,0,0,0,0,0,0,0,0,0,0,0,0,0,0,0,0,0,0,0,1,0,0,0,0,0,0,0,0,0,0,0,0,0,0,0,0,1,0,0,0,1,0,0,0,0,0,0,0,0,0,0,0,0,0,0,0,0,0,0,0,1,0,0,0,0,0,0,0,0,0,1,0,0,1,1,0,0,0,1,0,0,0,0,0,0,0,1,1,0,0,1,1,0,1,0,0,1,1,0,1,0,1,0,0,1,0,1,1,0,1,1,1,1,0,0,0,0,0,0,0,0,0,0,0,0,0,0,0,0,0,0,0,0,0,0,0,0,0,0,0,0,0,0,0,0,0,0,0,0,0,0,0,0,0,0,0,0,0,0,0,0,0,0,0,0,0,0,0,0,0,0,0,0,0,0,0,0,0,0,0,0,0,0,0,0,0,0,0,0,0,0,0,0,0,0,0,0,0,0,0,0,0,0,0,0,0,0,0,0,0,0,0,0,0,0,0,0,0,0,0,0,0,0,1,0,0,0,0,1,0,0,0,0,0,0,0,0,1,0,0,1,0,0,0,0,0,0,0,0,0,0,0,0,0,0,0,0,0,0,0,0,0,0,0,0,0,0,1,1,1,0,1,0,1,1,0,0,0,1,0,0
31,COC1=CC(=CC(=C1O)OC)C(=O)O,CC#N,JMSVCTWVEWCHDZ-UHFFFAOYSA-N,WEVYAHXRMPXWCK-UHFFFAOYSA-N,0.0,298.15,1.1076,48.17010000000002,75.99,198.17399999999998,80.50330952613635,0.3354625621767431,-0.5016991600387263,4,2,0.52988,11.287,23.79,41.053,19.496772823694872,0.05871482377124906,-0.1986584259265234,1,0,19.68678069728151,0.0,4.794537184071822,0.0,0.0,0.0,12.13273413692322,0.0,19.78304657425206,0.0,11.49902366656781,5.749511833283905,0.0,5.969305287951849,0.0,0.0,0.0,5.261891554738487,0.0,0.0,0.0,6.923737199690624,6.069221312792274,0.0,0.0,0.0,0.0,0.0,0.02901290445312438,0.20857076702740193,-0.04303468353830089,-0.019709382254100204,-0.01867163230600181,-0.03060309770893405,21055.0,61989.99999999999,411.35,589.0899999999999,2442.0,30524.0,177.29,347.44,0,0,0,0,0,0,0,0,0,0,0,0,0,0,0,0,0,0,0,0,0,0,0,0,0,0,0,0,0,0,0,0,0,0,0,0,0,0,0,0,0,0,0,0,0,0,0,0,0,0,0,0,0,0,0,0,0,0,0,0,0,0,0,0,0,0,0,0,0,0,0,0,1,0,0,0,0,0,0,0,0,0,0,0,0,0,0,0,0,1,0,0,0,1,0,0,0,0,0,0,0,0,0,0,0,0,0,0,0,0,0,0,0,1,0,0,0,0,0,0,0,0,0,1,0,0,1,1,0,0,0,1,0,0,0,0,0,0,0,1,1,0,0,1,1,0,1,0,0,1,1,0,1,0,1,0,0,1,0,1,1,0,1,1,1,1,0,0,0,0,0,0,0,0,0,0,0,0,0,0,0,0,0,0,0,0,0,0,0,0,0,0,0,0,0,0,0,0,0,0,0,0,0,0,0,0,0,0,1,0,0,0,0,0,0,0,0,0,0,0,0,0,0,0,0,0,0,0,0,0,0,0,0,0,0,0,0,0,0,0,0,0,0,0,0,0,0,0,0,0,0,0,0,0,0,0,0,0,0,0,0,0,0,0,0,0,0,0,0,0,0,0,0,0,0,0,0,0,0,0,0,0,0,0,0,0,0,0,0,0,0,0,0,0,0,0,0,0,0,0,0,0,0,0,0,0,0,0,0,0,0,0,0,0,0,0,0,0,0,0,0,0,0,0,0,0,0,1,1,0,0,0,0,0
32,COC1=CC(=CC(=C1O)OC)C(=O)O,ClCCCl,JMSVCTWVEWCHDZ-UHFFFAOYSA-N,WSLDOOZREJYCGB-UHFFFAOYSA-N,0.0,298.15,1.1076,48.17010000000002,75.99,198.17399999999998,80.50330952613635,0.3354625621767431,-0.5016991600387263,4,2,1.464,21.439999999999994,0.0,98.96000000000001,35.71072559598951,0.035889203448099614,-0.12542343074881615,0,0,19.68678069728151,0.0,4.794537184071822,0.0,0.0,0.0,12.13273413692322,0.0,19.78304657425206,0.0,11.49902366656781,5.749511833283905,0.0,5.969305287951849,0.0,0.0,0.0,0.0,23.20187978046503,0.0,0.0,11.760006889940678,0.0,0.0,0.0,0.0,0.0,0.0,1.058749034418173,1.9243873029689547,0.672562683226657,0.626977445590508,0.5579668498390594,0.6173009104550164,21055.0,61989.99999999999,411.35,589.0899999999999,9330.0,28816.000000000004,172.14,320.22,0,0,0,0,0,0,0,0,0,0,0,0,0,0,0,0,0,0,0,0,0,0,0,0,0,0,0,0,0,0,0,0,0,0,0,0,0,0,0,0,0,0,0,0,0,0,0,0,0,0,0,0,0,0,0,0,0,0,0,0,0,0,0,0,0,0,0,0,0,0,0,0,1,0,0,0,0,0,0,0,0,0,0,0,0,0,0,0,0,1,0,0,0,1,0,0,0,0,0,0,0,0,0,0,0,0,0,0,0,0,0,0,0,1,0,0,0,0,0,0,0,0,0,1,0,0,1,1,0,0,0,1,0,0,0,0,0,0,0,1,1,0,0,1,1,0,1,0,0,1,1,0,1,0,1,0,0,1,0,1,1,0,1,1,1,1,0,0,0,0,0,0,0,0,0,0,0,0,0,0,0,0,0,0,0,0,0,0,0,0,0,0,0,0,0,0,0,0,0,0,0,0,0,0,0,0,0,0,0,0,0,0,0,0,0,0,0,0,0,0,0,0,0,0,0,0,0,0,0,0,0,0,0,0,0,0,0,0,0,0,0,0,0,0,0,0,0,0,0,0,0,0,0,0,0,0,0,0,0,0,0,0,0,0,0,0,0,0,0,0,1,0,0,0,0,0,0,0,0,0,0,0,0,0,0,1,0,0,0,0,0,0,0,0,0,0,0,0,0,0,0,1,0,0,0,1,0,0,0,0,0,0,0,0,1,0,0,0,0,0,1,0,1,0,0,0,0,0,0,0,0,0,0,0
33,COC1=CC(=CC(=C1O)OC)C(=O)O,C1CCOC1,JMSVCTWVEWCHDZ-UHFFFAOYSA-N,WYURNTSHIVDZCO-UHFFFAOYSA-N,0.0,298.15,1.1076,48.17010000000002,75.99,198.17399999999998,80.50330952613635,0.3354625621767431,-0.5016991600387263,4,2,0.7968,20.052999999999997,9.23,72.107,31.941791446997026,0.046638169849841704,-0.3814493819627182,1,0,19.68678069728151,0.0,4.794537184071822,0.0,0.0,0.0,12.13273413692322,0.0,19.78304657425206,0.0,11.49902366656781,5.749511833283905,0.0,5.969305287951849,4.736862953800049,0.0,0.0,0.0,0.0,0.0,12.841643245852019,13.213763929025836,0.0,0.0,0.0,0.0,0.0,0.0,0.3975084921238619,0.6309559807011336,0.29165321401926597,0.25836992940183834,0.23128413033292322,0.2621517685553334,21055.0,61989.99999999999,411.35,589.0899999999999,6959.0,29574.0,176.55,338.02,0,0,0,0,0,0,0,0,0,0,0,0,0,0,0,0,0,0,0,0,0,0,0,0,0,0,0,0,0,0,0,0,0,0,0,0,0,0,0,0,0,0,0,0,0,0,0,0,0,0,0,0,0,0,0,0,0,0,0,0,0,0,0,0,0,0,0,0,0,0,0,0,1,0,0,0,0,0,0,0,0,0,0,0,0,0,0,0,0,1,0,0,0,1,0,0,0,0,0,0,0,0,0,0,0,0,0,0,0,0,0,0,0,1,0,0,0,0,0,0,0,0,0,1,0,0,1,1,0,0,0,1,0,0,0,0,0,0,0,1,1,0,0,1,1,0,1,0,0,1,1,0,1,0,1,0,0,1,0,1,1,0,1,1,1,1,0,0,0,0,0,0,0,0,0,0,0,0,0,0,0,0,0,0,0,0,0,0,0,0,0,0,0,0,0,0,0,0,0,0,0,0,0,0,0,0,0,0,0,0,0,0,0,0,0,0,0,0,0,0,0,0,0,0,1,0,0,0,0,0,0,0,0,0,0,0,0,0,0,0,0,0,0,0,0,0,0,0,0,0,1,0,0,1,0,0,0,0,0,0,0,0,0,1,0,0,0,0,0,0,0,0,0,0,0,0,1,0,0,0,0,0,0,0,0,1,0,0,0,0,0,0,0,0,0,0,1,0,0,1,0,0,0,0,1,1,0,0,0,0,0,0,0,0,1,0,0,0,0,0,1,0,0,0,1,0,0,0,0,0,0,1,1,0
34,COC1=CC(=CC(=C1O)OC)C(=O)O,C1CCCCC1,JMSVCTWVEWCHDZ-UHFFFAOYSA-N,XDTMQSROBMDMFD-UHFFFAOYSA-N,0.0,298.15,1.1076,48.17010000000002,75.99,198.17399999999998,80.50330952613635,0.3354625621767431,-0.5016991600387263,4,2,2.3406000000000002,27.701999999999984,0.0,84.162,39.55813044628337,-0.0533059727891157,-0.0533059727891157,0,0,19.68678069728151,0.0,4.794537184071822,0.0,0.0,0.0,12.13273413692322,0.0,19.78304657425206,0.0,11.49902366656781,5.749511833283905,0.0,5.969305287951849,0.0,0.0,0.0,0.0,0.0,38.524929737556064,0.0,0.0,0.0,0.0,0.0,0.0,0.0,0.0,1.8666516721872848,3.9110334180220003,1.3592463311419007,1.161264706992656,1.0702474662705168,1.2157239640929605,21055.0,61989.99999999999,411.35,589.0899999999999,2060.0,29688.000000000004,169.0,361.09999999999997,0,0,0,0,0,0,0,0,0,0,0,0,0,0,0,0,0,0,0,0,0,0,0,0,0,0,0,0,0,0,0,0,0,0,0,0,0,0,0,0,0,0,0,0,0,0,0,0,0,0,0,0,0,0,0,0,0,0,0,0,0,0,0,0,0,0,0,0,0,0,0,0,1,0,0,0,0,0,0,0,0,0,0,0,0,0,0,0,0,1,0,0,0,1,0,0,0,0,0,0,0,0,0,0,0,0,0,0,0,0,0,0,0,1,0,0,0,0,0,0,0,0,0,1,0,0,1,1,0,0,0,1,0,0,0,0,0,0,0,1,1,0,0,1,1,0,1,0,0,1,1,0,1,0,1,0,0,1,0,1,1,0,1,1,1,1,0,0,0,0,0,0,0,0,0,0,0,0,0,0,0,0,0,0,0,0,0,0,0,0,0,0,0,0,0,0,0,0,0,0,0,0,0,0,0,0,0,0,0,0,0,0,0,0,0,0,0,0,0,0,0,0,0,0,0,0,0,0,0,0,0,0,0,0,0,0,0,0,0,0,0,0,0,0,0,0,0,0,0,0,0,0,0,0,0,0,0,0,0,0,0,0,0,0,0,0,0,0,0,0,0,0,0,0,0,0,0,0,0,0,0,0,0,0,0,1,0,0,0,0,0,0,0,0,0,1,1,0,0,0,0,0,0,0,0,0,0,0,0,0,0,0,0,0,1,0,0,0,0,0,0,0,0,0,0,0,0,0,0,0,1,0,1,0
35,COC1=CC(=CC(=C1O)OC)C(=O)O,CCOC(C)=O,JMSVCTWVEWCHDZ-UHFFFAOYSA-N,XEKOWRVHYACXOJ-UHFFFAOYSA-N,0.0,298.15,1.1076,48.17010000000002,75.99,198.17399999999998,80.50330952613635,0.3354625621767431,-0.5016991600387263,4,2,0.5694,22.30699999999999,26.3,88.106,37.10914470057002,0.3021127777269908,-0.4661718899744166,2,0,19.68678069728151,0.0,4.794537184071822,0.0,0.0,0.0,12.13273413692322,0.0,19.78304657425206,0.0,11.49902366656781,5.749511833283905,0.0,5.969305287951849,4.736862953800049,4.794537184071822,0.0,0.0,0.0,0.0,6.923737199690624,6.923737199690624,6.606881964512918,0.0,0.0,0.0,0.0,5.969305287951849,-0.027652036683019677,-0.028069338130127214,-0.0024637717275444062,-0.014635707339329042,-0.007758030198347932,-0.005416270090088041,21055.0,61989.99999999999,411.35,589.0899999999999,10484.999999999998,31905.0,177.17000000000002,349.34,0,0,0,0,0,0,0,0,0,0,0,0,0,0,0,0,0,0,0,0,0,0,0,0,0,0,0,0,0,0,0,0,0,0,0,0,0,0,0,0,0,0,0,0,0,0,0,0,0,0,0,0,0,0,0,0,0,0,0,0,0,0,0,0,0,0,0,0,0,0,0,0,1,0,0,0,0,0,0,0,0,0,0,0,0,0,0,0,0,1,0,0,0,1,0,0,0,0,0,0,0,0,0,0,0,0,0,0,0,0,0,0,0,1,0,0,0,0,0,0,0,0,0,1,0,0,1,1,0,0,0,1,0,0,0,0,0,0,0,1,1,0,0,1,1,0,1,0,0,1,1,0,1,0,1,0,0,1,0,1,1,0,1,1,1,1,0,0,0,0,0,0,0,0,0,0,0,0,0,0,0,0,0,0,0,0,0,0,0,0,0,0,0,0,0,0,0,0,0,0,0,0,0,0,0,0,0,0,0,0,0,0,0,0,0,0,0,0,0,0,0,0,0,0,0,0,0,0,0,0,0,0,0,0,0,0,0,0,0,0,0,0,0,0,0,0,0,0,0,0,0,0,0,0,0,0,0,0,0,0,0,0,0,0,0,0,0,0,0,0,0,0,0,0,0,0,1,0,0,0,0,1,0,1,0,0,0,0,0,0,1,0,0,1,0,0,0,0,0,0,0,0,0,0,0,0,0,0,0,0,0,0,0,0,0,0,1,0,0,0,1,1,1,0,1,0,1,1,0,0,0,1,0,0
36,COC1=CC(=CC(=C1O)OC)C(=O)O,COCCO,JMSVCTWVEWCHDZ-UHFFFAOYSA-N,XNWFRZJHXBZDAG-UHFFFAOYSA-N,0.0,298.15,1.1076,48.17010000000002,75.99,198.17399999999998,80.50330952613635,0.3354625621767431,-0.5016991600387263,4,2,-0.37489999999999996,18.9618,29.46,76.095,31.37691423832566,0.06934265212863683,-0.3939806162163566,2,1,19.68678069728151,0.0,4.794537184071822,0.0,0.0,0.0,12.13273413692322,0.0,19.78304657425206,0.0,11.49902366656781,5.749511833283905,0.0,5.969305287951849,9.843390348640755,0.0,0.0,0.0,0.0,0.0,0.0,7.109797541277533,13.213763929025836,0.0,0.0,0.0,0.0,0.0,0.022461613697917087,0.15980126963597877,-0.10622844763608603,-0.030856870540064345,-0.04492312807605273,-0.07347367903856471,21055.0,61989.99999999999,411.35,589.0899999999999,8802.0,41361.00000000001,206.62,382.84,0,0,0,0,0,0,0,0,0,0,0,0,0,0,0,0,0,0,0,0,0,0,0,0,0,0,0,0,0,0,0,0,0,0,0,0,0,0,0,0,0,0,0,0,0,0,0,0,0,0,0,0,0,0,0,0,0,0,0,0,0,0,0,0,0,0,0,0,0,0,0,0,1,0,0,0,0,0,0,0,0,0,0,0,0,0,0,0,0,1,0,0,0,1,0,0,0,0,0,0,0,0,0,0,0,0,0,0,0,0,0,0,0,1,0,0,0,0,0,0,0,0,0,1,0,0,1,1,0,0,0,1,0,0,0,0,0,0,0,1,1,0,0,1,1,0,1,0,0,1,1,0,1,0,1,0,0,1,0,1,1,0,1,1,1,1,0,0,0,0,0,0,0,0,0,0,0,0,0,0,0,0,0,0,0,0,0,0,0,0,0,0,0,0,0,0,0,0,0,0,0,0,0,0,0,0,0,0,0,0,0,0,0,0,0,0,0,0,0,0,0,0,0,0,0,0,0,0,0,0,0,0,0,0,0,0,0,0,0,1,0,0,0,0,0,0,0,0,0,1,0,0,0,1,0,0,0,0,0,0,1,0,0,0,0,0,0,0,0,0,0,1,0,0,0,0,1,0,0,0,0,0,1,1,0,1,0,0,0,0,0,0,0,1,0,0,0,0,0,1,0,0,0,0,0,1,1,0,0,0,0,0,0,0,1,0,0,0,0,0,1,0,1,0,1,0,1,1,0,0,0,1,0,0
37,COC1=CC(=CC(=C1O)OC)C(=O)O,CCCOC(C)=O,JMSVCTWVEWCHDZ-UHFFFAOYSA-N,YKYONYBAUNKHLG-UHFFFAOYSA-N,0.0,298.15,1.1076,48.17010000000002,75.99,198.17399999999998,80.50330952613635,0.3354625621767431,-0.5016991600387263,4,2,0.9595,26.923999999999985,26.3,102.13299999999998,43.474086814966626,0.3021226973628453,-0.46588873984264995,2,0,19.68678069728151,0.0,4.794537184071822,0.0,0.0,0.0,12.13273413692322,0.0,19.78304657425206,0.0,11.49902366656781,5.749511833283905,0.0,5.969305287951849,4.736862953800049,4.794537184071822,0.0,0.0,0.0,6.923737199690624,6.4208216229260096,6.923737199690624,6.606881964512918,0.0,0.0,0.0,0.0,5.969305287951849,0.18133965737669214,0.25537107740761683,0.19344240370591226,0.13519417554623728,0.13253039838806158,0.16211861256622243,21055.0,61989.99999999999,411.35,589.0899999999999,13074.999999999998,34131.0,188.44,372.21999999999997,0,0,0,0,0,0,0,0,0,0,0,0,0,0,0,0,0,0,0,0,0,0,0,0,0,0,0,0,0,0,0,0,0,0,0,0,0,0,0,0,0,0,0,0,0,0,0,0,0,0,0,0,0,0,0,0,0,0,0,0,0,0,0,0,0,0,0,0,0,0,0,0,1,0,0,0,0,0,0,0,0,0,0,0,0,0,0,0,0,1,0,0,0,1,0,0,0,0,0,0,0,0,0,0,0,0,0,0,0,0,0,0,0,1,0,0,0,0,0,0,0,0,0,1,0,0,1,1,0,0,0,1,0,0,0,0,0,0,0,1,1,0,0,1,1,0,1,0,0,1,1,0,1,0,1,0,0,1,0,1,1,0,1,1,1,1,0,0,0,0,0,0,0,0,0,0,0,0,0,0,0,0,0,0,0,0,0,0,0,0,0,0,0,0,0,0,0,0,0,0,0,0,0,0,0,0,0,0,0,0,0,0,0,0,0,0,0,0,0,0,0,0,0,0,0,0,0,0,0,0,0,0,0,0,0,0,0,0,0,0,0,0,0,0,0,0,0,0,0,0,0,0,0,0,0,0,0,0,0,0,0,0,0,0,0,0,0,0,0,0,0,0,0,0,0,1,1,0,0,0,0,1,1,1,0,1,0,0,0,0,1,0,0,1,0,0,0,0,0,1,0,0,0,0,0,0,0,0,0,0,0,0,0,0,1,0,1,0,0,0,1,1,1,0,1,0,1,1,0,0,0,1,0,0
38,COC1=CC(=CC(=C1O)OC)C(=O)O,ClCCl,JMSVCTWVEWCHDZ-UHFFFAOYSA-N,YMWUJEATGCHHMB-UHFFFAOYSA-N,0.0,298.15,1.1076,48.17010000000002,75.99,198.17399999999998,80.50330952613635,0.3354625621767431,-0.5016991600387263,4,2,1.4215,16.573,0.0,84.93299999999999,29.3457834815929,0.09670639037649198,-0.10913232990050524,0,0,19.68678069728151,0.0,4.794537184071822,0.0,0.0,0.0,12.13273413692322,0.0,19.78304657425206,0.0,11.49902366656781,5.749511833283905,0.0,5.969305287951849,0.0,0.0,0.0,0.0,23.20187978046503,0.0,0.0,0.0,5.33918526701467,0.0,0.0,0.0,0.0,0.0,0.275008451379833,1.887868158394766,0.09964570091369582,0.10347731062940374,0.10722682419058686,0.10412124065273938,21055.0,61989.99999999999,411.35,589.0899999999999,6740.0,26590.0,160.87,297.34,0,0,0,0,0,0,0,0,0,0,0,0,0,0,0,0,0,0,0,0,0,0,0,0,0,0,0,0,0,0,0,0,0,0,0,0,0,0,0,0,0,0,0,0,0,0,0,0,0,0,0,0,0,0,0,0,0,0,0,0,0,0,0,0,0,0,0,0,0,0,0,0,1,0,0,0,0,0,0,0,0,0,0,0,0,0,0,0,0,1,0,0,0,1,0,0,0,0,0,0,0,0,0,0,0,0,0,0,0,0,0,0,0,1,0,0,0,0,0,0,0,0,0,1,0,0,1,1,0,0,0,1,0,0,0,0,0,0,0,1,1,0,0,1,1,0,1,0,0,1,1,0,1,0,1,0,0,1,0,1,1,0,1,1,1,1,0,0,0,0,0,0,0,0,0,0,0,0,0,0,0,0,0,0,0,0,0,0,0,0,0,0,0,0,0,1,0,0,0,0,0,0,0,0,0,0,0,0,0,0,0,0,0,0,0,0,0,0,0,0,0,0,0,0,0,0,0,0,0,0,0,0,0,0,0,0,0,0,0,0,0,0,0,0,0,0,0,0,0,0,0,0,0,0,0,0,0,0,0,0,0,0,0,0,0,0,0,0,0,0,1,0,0,0,0,0,0,0,0,0,0,0,0,0,0,0,0,0,0,0,0,0,0,0,0,0,0,0,0,0,0,1,0,0,0,0,0,0,0,0,0,0,0,0,0,0,0,0,0,0,1,0,1,0,0,0,0,0,0,0,0,0,0,0
39,COC1=CC(=CC(=C1O)OC)C(=O)O,CCc1ccccc1,JMSVCTWVEWCHDZ-UHFFFAOYSA-N,YNQLUTRBYVCPMQ-UHFFFAOYSA-N,0.0,298.15,1.1076,48.17010000000002,75.99,198.17399999999998,80.50330952613635,0.3354625621767431,-0.5016991600387263,4,2,2.2490000000000006,35.82,0.0,106.16799999999996,50.16128734829017,-0.03074408282510195,-0.06224874165506165,0,0,19.68678069728151,0.0,4.794537184071822,0.0,0.0,0.0,12.13273413692322,0.0,19.78304657425206,0.0,11.49902366656781,5.749511833283905,0.0,5.969305287951849,0.0,0.0,0.0,0.0,0.0,37.255572541998674,11.984273114623004,0.0,0.0,0.0,0.0,0.0,0.0,0.0,1.3660134398913228,2.79534783466611,1.015163486425836,0.864445346059792,0.7959759841570044,0.9063377638495203,21055.0,61989.99999999999,411.35,589.0899999999999,8122.999999999999,32619.0,169.32,378.31,0,0,0,0,0,0,0,0,0,0,0,0,0,0,0,0,0,0,0,0,0,0,0,0,0,0,0,0,0,0,0,0,0,0,0,0,0,0,0,0,0,0,0,0,0,0,0,0,0,0,0,0,0,0,0,0,0,0,0,0,0,0,0,0,0,0,0,0,0,0,0,0,1,0,0,0,0,0,0,0,0,0,0,0,0,0,0,0,0,1,0,0,0,1,0,0,0,0,0,0,0,0,0,0,0,0,0,0,0,0,0,0,0,1,0,0,0,0,0,0,0,0,0,1,0,0,1,1,0,0,0,1,0,0,0,0,0,0,0,1,1,0,0,1,1,0,1,0,0,1,1,0,1,0,1,0,0,1,0,1,1,0,1,1,1,1,0,0,0,0,0,0,0,0,0,0,0,0,0,0,0,0,0,0,0,0,0,0,0,0,0,0,0,0,0,0,0,0,0,0,0,0,0,0,0,0,0,0,0,0,0,0,0,0,0,0,0,0,0,0,0,0,0,0,0,0,0,0,0,0,0,0,0,0,0,0,0,0,0,0,0,0,0,0,0,0,0,0,0,0,0,0,0,0,0,0,0,0,0,0,0,0,0,0,0,0,0,0,0,0,0,0,0,0,0,0,0,0,0,0,0,1,0,0,0,0,0,0,0,0,0,0,0,0,0,0,0,0,0,0,0,0,0,0,0,0,0,0,0,0,0,0,0,0,0,0,0,0,0,0,0,0,1,0,0,0,0,1,0,1,1,0,1,0
40,COC1=CC(=CC(=C1O)OC)C(=O)O,Cc1ccccc1,JMSVCTWVEWCHDZ-UHFFFAOYSA-N,YXFVVABEGXRONW-UHFFFAOYSA-N,0.0,298.15,1.1076,48.17010000000002,75.99,198.17399999999998,80.50330952613635,0.3354625621767431,-0.5016991600387263,4,2,1.99502,31.17899999999999,0.0,92.14099999999999,43.79634523389357,-0.039774526323627504,-0.06224908578199481,0,0,19.68678069728151,0.0,4.794537184071822,0.0,0.0,0.0,12.13273413692322,0.0,19.78304657425206,0.0,11.49902366656781,5.749511833283905,0.0,5.969305287951849,0.0,0.0,0.0,0.0,0.0,35.89528683400505,6.923737199690624,0.0,0.0,0.0,0.0,0.0,0.0,0.0,1.154243767252021,2.5532708868989884,0.7639138124196324,0.6894802928962545,0.6271104926322238,0.6974605203877102,21055.0,61989.99999999999,411.35,589.0899999999999,5533.0,30393.0,158.05,355.43,0,0,0,0,0,0,0,0,0,0,0,0,0,0,0,0,0,0,0,0,0,0,0,0,0,0,0,0,0,0,0,0,0,0,0,0,0,0,0,0,0,0,0,0,0,0,0,0,0,0,0,0,0,0,0,0,0,0,0,0,0,0,0,0,0,0,0,0,0,0,0,0,1,0,0,0,0,0,0,0,0,0,0,0,0,0,0,0,0,1,0,0,0,1,0,0,0,0,0,0,0,0,0,0,0,0,0,0,0,0,0,0,0,1,0,0,0,0,0,0,0,0,0,1,0,0,1,1,0,0,0,1,0,0,0,0,0,0,0,1,1,0,0,1,1,0,1,0,0,1,1,0,1,0,1,0,0,1,0,1,1,0,1,1,1,1,0,0,0,0,0,0,0,0,0,0,0,0,0,0,0,0,0,0,0,0,0,0,0,0,0,0,0,0,0,0,0,0,0,0,0,0,0,0,0,0,0,0,0,0,0,0,0,0,0,0,0,0,0,0,0,0,0,0,0,0,0,0,0,0,0,0,0,0,0,0,0,0,0,0,0,0,0,0,0,0,0,0,0,0,0,0,0,0,0,0,0,0,0,0,0,0,0,0,0,0,0,0,0,0,0,0,0,0,0,0,0,0,0,0,0,0,0,0,0,0,0,0,0,0,0,0,0,0,0,0,0,0,0,0,0,0,0,0,0,0,0,0,0,0,0,0,0,0,0,0,0,0,0,0,0,0,0,0,0,0,0,1,0,1,1,0,1,0
41,COC1=CC(=CC(=C1O)OC)C(=O)O,CN(C)C=O,JMSVCTWVEWCHDZ-UHFFFAOYSA-N,ZMXDDKWLCZADIW-UHFFFAOYSA-N,0.0,298.15,1.1076,48.17010000000002,75.99,198.17399999999998,80.50330952613635,0.3354625621767431,-0.5016991600387263,4,2,-0.2956000000000001,19.750999999999998,20.310000000000002,73.095,31.390491026869903,0.2086847180796838,-0.35138679501082243,1,0,19.68678069728151,0.0,4.794537184071822,0.0,0.0,0.0,12.13273413692322,0.0,19.78304657425206,0.0,11.49902366656781,5.749511833283905,0.0,5.969305287951849,4.899909730850478,4.794537184071822,0.0,0.0,0.0,0.0,0.0,14.09534396535438,0.0,0.0,0.0,6.410095306116121,0.0,0.0,-0.7565434649350153,-0.9403272996084788,-1.004337047731703,-0.5971170276112515,-0.6024906906395278,-0.7833235489423485,21055.0,61989.99999999999,411.35,589.0899999999999,8836.0,31035.0,198.04000000000002,329.34,0,0,0,0,0,0,0,0,0,0,0,0,0,0,0,0,0,0,0,0,0,0,0,0,0,0,0,0,0,0,0,0,0,0,0,0,0,0,0,0,0,0,0,0,0,0,0,0,0,0,0,0,0,0,0,0,0,0,0,0,0,0,0,0,0,0,0,0,0,0,0,0,1,0,0,0,0,0,0,0,0,0,0,0,0,0,0,0,0,1,0,0,0,1,0,0,0,0,0,0,0,0,0,0,0,0,0,0,0,0,0,0,0,1,0,0,0,0,0,0,0,0,0,1,0,0,1,1,0,0,0,1,0,0,0,0,0,0,0,1,1,0,0,1,1,0,1,0,0,1,1,0,1,0,1,0,0,1,0,1,1,0,1,1,1,1,0,0,0,0,0,0,0,0,0,0,0,0,0,0,0,0,0,0,0,0,0,0,0,0,0,0,0,0,0,0,0,0,0,0,0,0,0,0,0,0,0,0,0,0,0,0,0,0,0,0,0,0,0,0,0,0,0,0,0,0,0,0,0,0,0,0,0,0,0,0,0,0,0,0,0,1,0,0,0,0,0,0,0,0,0,0,1,1,0,0,0,0,0,0,1,0,0,0,0,0,0,0,0,0,0,0,0,0,0,0,0,1,0,0,0,0,0,0,1,0,0,0,0,1,0,0,0,0,0,0,0,0,0,0,0,0,0,0,0,0,0,0,0,0,0,0,0,0,0,1,1,0,0,0,0,1,0,0,0,1,0,1,1,0,0,1,0,0
42,COC1=CC(=CC(=C1O)OC)C(=O)O,CCOCCO,JMSVCTWVEWCHDZ-UHFFFAOYSA-N,ZNQVEEAIQZEUHB-UHFFFAOYSA-N,0.0,298.15,1.1076,48.17010000000002,75.99,198.17399999999998,80.50330952613635,0.3354625621767431,-0.5016991600387263,4,2,0.015200000000000047,23.578799999999994,29.46,90.122,37.741856352722266,0.06970519849679675,-0.39398034488025224,2,1,19.68678069728151,0.0,4.794537184071822,0.0,0.0,0.0,12.13273413692322,0.0,19.78304657425206,0.0,11.49902366656781,5.749511833283905,0.0,5.969305287951849,9.843390348640755,0.0,0.0,0.0,0.0,0.0,6.923737199690624,6.606881964512918,13.213763929025836,0.0,0.0,0.0,0.0,0.0,0.17675693381215568,0.34523904443837955,0.05223431997613466,0.08789910764864428,0.06690481725808752,0.061334164246385006,21055.0,61989.99999999999,411.35,589.0899999999999,11392.0,43587.0,217.89,405.71999999999997,0,0,0,0,0,0,0,0,0,0,0,0,0,0,0,0,0,0,0,0,0,0,0,0,0,0,0,0,0,0,0,0,0,0,0,0,0,0,0,0,0,0,0,0,0,0,0,0,0,0,0,0,0,0,0,0,0,0,0,0,0,0,0,0,0,0,0,0,0,0,0,0,1,0,0,0,0,0,0,0,0,0,0,0,0,0,0,0,0,1,0,0,0,1,0,0,0,0,0,0,0,0,0,0,0,0,0,0,0,0,0,0,0,1,0,0,0,0,0,0,0,0,0,1,0,0,1,1,0,0,0,1,0,0,0,0,0,0,0,1,1,0,0,1,1,0,1,0,0,1,1,0,1,0,1,0,0,1,0,1,1,0,1,1,1,1,0,0,0,0,0,0,0,0,0,0,0,0,0,0,0,0,0,0,0,0,0,0,0,0,0,0,0,0,0,0,0,0,0,0,0,0,0,0,0,0,0,0,0,0,0,0,0,0,0,0,0,0,0,0,0,0,0,0,0,0,0,0,0,0,0,0,0,0,0,0,0,0,0,1,0,0,0,0,0,0,0,0,0,1,0,0,0,1,0,0,0,0,1,0,0,0,0,0,0,0,0,0,0,0,0,1,0,0,0,1,1,0,0,0,0,1,0,1,0,1,0,0,0,0,0,0,0,1,0,0,1,0,0,1,0,0,0,0,0,1,1,0,0,0,0,0,0,0,1,0,0,0,0,0,1,0,1,0,1,0,1,1,0,0,0,1,0,0
43,COC1=CC(=CC(=C1O)OC)C(=O)O,CCCCCCO,JMSVCTWVEWCHDZ-UHFFFAOYSA-N,ZSIAUFGUXNUGDI-UHFFFAOYSA-N,0.0,298.15,1.1076,48.17010000000002,75.99,198.17399999999998,80.50330952613635,0.3354625621767431,-0.5016991600387263,4,2,1.559,31.22779999999998,20.23,102.17699999999999,45.35819535200859,0.04305240583871402,-0.396376569347818,1,1,19.68678069728151,0.0,4.794537184071822,0.0,0.0,0.0,12.13273413692322,0.0,19.78304657425206,0.0,11.49902366656781,5.749511833283905,0.0,5.969305287951849,5.106527394840706,0.0,0.0,0.0,0.0,26.186202068468653,6.4208216229260096,6.606881964512918,0.0,0.0,0.0,0.0,0.0,0.0,1.0941698909154303,1.602737651941026,0.9490098934849931,0.7556329163668674,0.6996406189656017,0.8227405694166956,21055.0,61989.99999999999,411.35,589.0899999999999,15383.999999999998,45629.00000000001,218.2,429.05999999999995,0,0,0,0,0,0,0,0,0,0,0,0,0,0,0,0,0,0,0,0,0,0,0,0,0,0,0,0,0,0,0,0,0,0,0,0,0,0,0,0,0,0,0,0,0,0,0,0,0,0,0,0,0,0,0,0,0,0,0,0,0,0,0,0,0,0,0,0,0,0,0,0,1,0,0,0,0,0,0,0,0,0,0,0,0,0,0,0,0,1,0,0,0,1,0,0,0,0,0,0,0,0,0,0,0,0,0,0,0,0,0,0,0,1,0,0,0,0,0,0,0,0,0,1,0,0,1,1,0,0,0,1,0,0,0,0,0,0,0,1,1,0,0,1,1,0,1,0,0,1,1,0,1,0,1,0,0,1,0,1,1,0,1,1,1,1,0,0,0,0,0,0,0,0,0,0,0,0,0,0,0,0,0,0,0,0,0,0,0,0,0,0,0,0,0,0,0,0,0,0,0,0,0,0,0,0,0,0,0,0,0,0,0,0,0,0,0,0,0,0,0,0,0,0,0,0,0,0,0,0,0,0,0,0,0,0,0,0,0,0,0,0,0,0,0,0,0,0,0,1,0,0,0,0,0,0,0,1,1,0,0,0,0,0,0,0,0,0,0,0,0,1,0,0,0,1,1,0,0,0,0,1,1,1,0,1,0,0,0,0,0,0,0,0,0,1,1,0,0,1,0,0,0,0,0,0,1,0,0,0,0,0,0,0,1,0,0,0,0,0,1,0,1,0,1,0,0,1,0,0,0,1,0,0
44,COC1=CC(=CC(=C1O)OC)C(=O)O,CCC(C)=O,JMSVCTWVEWCHDZ-UHFFFAOYSA-N,ZWEHNKRNPOVVGH-UHFFFAOYSA-N,0.0,298.15,1.1076,48.17010000000002,75.99,198.17399999999998,80.50330952613635,0.3354625621767431,-0.5016991600387263,4,2,0.9854,20.971999999999994,17.07,72.10699999999999,31.995599471063137,0.12906503252603763,-0.3000423849594125,1,0,19.68678069728151,0.0,4.794537184071822,0.0,0.0,0.0,12.13273413692322,0.0,19.78304657425206,0.0,11.49902366656781,5.749511833283905,0.0,5.969305287951849,4.794537184071822,0.0,0.0,0.0,0.0,6.923737199690624,6.923737199690624,6.4208216229260096,0.0,5.783244946364939,0.0,0.0,0.0,0.0,0.02326182748604105,-0.09891506822145768,0.0960451334129819,0.05571226513704757,0.05606355374350275,0.07569321615080091,21055.0,61989.99999999999,411.35,589.0899999999999,7714.999999999999,31244.0,184.77,344.99,0,0,0,0,0,0,0,0,0,0,0,0,0,0,0,0,0,0,0,0,0,0,0,0,0,0,0,0,0,0,0,0,0,0,0,0,0,0,0,0,0,0,0,0,0,0,0,0,0,0,0,0,0,0,0,0,0,0,0,0,0,0,0,0,0,0,0,0,0,0,0,0,1,0,0,0,0,0,0,0,0,0,0,0,0,0,0,0,0,1,0,0,0,1,0,0,0,0,0,0,0,0,0,0,0,0,0,0,0,0,0,0,0,1,0,0,0,0,0,0,0,0,0,1,0,0,1,1,0,0,0,1,0,0,0,0,0,0,0,1,1,0,0,1,1,0,1,0,0,1,1,0,1,0,1,0,0,1,0,1,1,0,1,1,1,1,0,0,0,0,0,0,0,0,0,0,0,0,0,0,0,0,0,0,0,0,0,0,0,0,0,0,0,0,0,0,0,0,0,0,0,0,0,0,0,0,0,0,0,0,0,0,0,0,0,0,0,0,0,0,0,0,0,0,0,0,0,0,0,0,0,0,0,0,0,0,0,0,0,0,0,0,0,0,0,0,0,0,0,0,0,0,0,0,0,0,0,0,0,0,0,0,0,0,0,0,0,0,0,0,0,0,0,0,0,0,0,0,0,0,0,1,1,0,0,0,0,0,0,0,0,0,0,0,0,0,0,0,0,1,0,0,0,0,0,0,0,0,0,0,0,0,0,0,0,0,1,0,0,1,0,1,1,0,0,0,0,1,0,0,0,1,0,0
45,COC1=CC(=CC(=C1O)OC)C(=O)O,CC(C)CO,JMSVCTWVEWCHDZ-UHFFFAOYSA-N,ZXEKIIBDNHEJCQ-UHFFFAOYSA-N,0.0,298.15,1.1076,48.17010000000002,75.99,198.17399999999998,80.50330952613635,0.3354625621767431,-0.5016991600387263,4,2,0.6347,21.923799999999996,20.23,74.12299999999999,32.62831112321538,0.045348803787554154,-0.39610984383746906,1,1,19.68678069728151,0.0,4.794537184071822,0.0,0.0,0.0,12.13273413692322,0.0,19.78304657425206,0.0,11.49902366656781,5.749511833283905,0.0,5.969305287951849,5.106527394840706,0.0,0.0,0.0,0.0,13.847474399381248,5.917906046161393,6.606881964512918,0.0,0.0,0.0,0.0,0.0,0.0,0.6383319584420485,1.043726576507612,0.45036334599861905,0.4044225433760389,0.3609031553346878,0.40669564431456723,21055.0,61989.99999999999,411.35,589.0899999999999,6681.0,40789.0,180.66,382.85999999999996,0,0,0,0,0,0,0,0,0,0,0,0,0,0,0,0,0,0,0,0,0,0,0,0,0,0,0,0,0,0,0,0,0,0,0,0,0,0,0,0,0,0,0,0,0,0,0,0,0,0,0,0,0,0,0,0,0,0,0,0,0,0,0,0,0,0,0,0,0,0,0,0,1,0,0,0,0,0,0,0,0,0,0,0,0,0,0,0,0,1,0,0,0,1,0,0,0,0,0,0,0,0,0,0,0,0,0,0,0,0,0,0,0,1,0,0,0,0,0,0,0,0,0,1,0,0,1,1,0,0,0,1,0,0,0,0,0,0,0,1,1,0,0,1,1,0,1,0,0,1,1,0,1,0,1,0,0,1,0,1,1,0,1,1,1,1,0,0,0,0,0,0,0,0,0,0,0,0,0,0,0,0,0,0,0,0,0,0,0,0,0,0,0,0,0,0,0,0,0,0,0,0,0,0,0,0,0,0,0,0,0,0,0,0,0,0,0,0,0,0,0,0,0,0,0,0,0,0,0,0,0,0,0,0,0,0,0,0,0,0,0,1,0,0,0,0,0,0,0,1,0,0,0,0,0,0,0,0,0,0,0,0,0,0,0,0,0,0,0,0,0,0,0,0,0,0,1,0,0,0,0,0,1,0,0,0,0,0,0,0,0,0,0,0,0,0,0,0,0,0,0,0,0,0,0,0,1,0,0,0,0,0,0,0,0,0,1,0,0,0,1,0,1,0,1,0,0,1,0,0,0,1,0,0
